TF	TARGET
ATMG00910	ATCG00470
ATMG00910	ATCG00120
ATMG00910	ATCG00480
ATMG00910	ATCG00140
ATMG00910	ATCG00150
ATMG00910	ATCG00130
ATMG00910	ATCG00860
ATMG00910	ATCG01280
ATMG00910	ATCG01040
ATMG00910	ATCG01060
ATMG00910	ATCG01110
ATMG00910	ATCG01100
ATMG00910	ATCG00420
ATMG00910	ATCG00440
ATMG00910	ATCG01080
ATMG00910	ATCG01010
ATMG00910	ATCG01070
ATMG00910	ATCG01090
ATMG00910	ATCG00600
ATMG00910	ATCG00540
ATMG00910	ATCG00720
ATMG00910	ATCG00730
ATMG00910	ATCG00360
ATMG00910	ATCG00340
ATMG00910	ATCG00350
ATMG00910	ATCG00020
ATMG00910	ATCG00680
ATMG00910	ATCG00280
ATMG00910	ATCG00270
ATMG00910	ATCG00580
ATMG00910	ATCG00570
ATMG00910	ATCG00430
ATMG00910	ATCG00710
ATMG00910	ATCG00080
ATMG00910	ATCG00550
ATMG00910	ATCG00070
ATMG00910	ATCG00560
ATMG00910	ATCG00220
ATMG00910	ATCG00700
ATMG00910	ATCG00690
ATMG00910	ATCG00510
ATMG00910	ATCG00630
ATMG00910	ATCG00490
ATMG00910	ATCG00520
ATMG00910	ATCG00300
ATMG00960	ATCG00470
ATMG00960	ATCG00120
ATMG00960	ATCG00480
ATMG00960	ATCG00140
ATMG00960	ATCG00150
ATMG00960	ATCG00130
ATMG00960	ATCG00860
ATMG00960	ATCG01280
ATMG00960	ATCG01040
ATMG00960	ATCG01060
ATMG00960	ATCG01110
ATMG00960	ATCG01100
ATMG00960	ATCG00420
ATMG00960	ATCG00440
ATMG00960	ATCG01080
ATMG00960	ATCG01010
ATMG00960	ATCG01070
ATMG00960	ATCG01090
ATMG00960	ATCG00600
ATMG00960	ATCG00540
ATMG00960	ATCG00720
ATMG00960	ATCG00730
ATMG00960	ATCG00360
ATMG00960	ATCG00340
ATMG00960	ATCG00350
ATMG00960	ATCG00020
ATMG00960	ATCG00680
ATMG00960	ATCG00280
ATMG00960	ATCG00270
ATMG00960	ATCG00580
ATMG00960	ATCG00570
ATMG00960	ATCG00430
ATMG00960	ATCG00710
ATMG00960	ATCG00080
ATMG00960	ATCG00550
ATMG00960	ATCG00070
ATMG00960	ATCG00560
ATMG00960	ATCG00220
ATMG00960	ATCG00700
ATMG00960	ATCG00690
ATMG00960	ATCG00510
ATMG00960	ATCG00630
ATMG00960	ATCG00490
ATMG00960	ATCG00520
ATMG00960	ATCG00300
ATMG00110	ATCG00470
ATMG00110	ATCG00120
ATMG00110	ATCG00480
ATMG00110	ATCG00140
ATMG00110	ATCG00150
ATMG00110	ATCG00130
ATMG00110	ATCG00860
ATMG00110	ATCG01280
ATMG00110	ATCG01040
ATMG00110	ATCG01060
ATMG00110	ATCG01110
ATMG00110	ATCG01100
ATMG00110	ATCG00420
ATMG00110	ATCG00440
ATMG00110	ATCG01080
ATMG00110	ATCG01010
ATMG00110	ATCG01070
ATMG00110	ATCG01090
ATMG00110	ATCG00600
ATMG00110	ATCG00540
ATMG00110	ATCG00720
ATMG00110	ATCG00730
ATMG00110	ATCG00360
ATMG00110	ATCG00340
ATMG00110	ATCG00350
ATMG00110	ATCG00020
ATMG00110	ATCG00680
ATMG00110	ATCG00280
ATMG00110	ATCG00270
ATMG00110	ATCG00580
ATMG00110	ATCG00570
ATMG00110	ATCG00430
ATMG00110	ATCG00710
ATMG00110	ATCG00080
ATMG00110	ATCG00550
ATMG00110	ATCG00070
ATMG00110	ATCG00560
ATMG00110	ATCG00220
ATMG00110	ATCG00700
ATMG00110	ATCG00690
ATMG00110	ATCG00510
ATMG00110	ATCG00630
ATMG00110	ATCG00490
ATMG00110	ATCG00520
ATMG00110	ATCG00300
ATMG01360	ATCG00470
ATMG01360	ATCG00120
ATMG01360	ATCG00480
ATMG01360	ATCG00140
ATMG01360	ATCG00150
ATMG01360	ATCG00130
ATMG01360	ATCG00860
ATMG01360	ATCG01280
ATMG01360	ATCG01040
ATMG01360	ATCG01060
ATMG01360	ATCG01110
ATMG01360	ATCG01100
ATMG01360	ATCG00420
ATMG01360	ATCG00440
ATMG01360	ATCG01080
ATMG01360	ATCG01010
ATMG01360	ATCG01070
ATMG01360	ATCG01090
ATMG01360	ATCG00600
ATMG01360	ATCG00540
ATMG01360	ATCG00720
ATMG01360	ATCG00730
ATMG01360	ATCG00360
ATMG01360	ATCG00340
ATMG01360	ATCG00350
ATMG01360	ATCG00020
ATMG01360	ATCG00680
ATMG01360	ATCG00280
ATMG01360	ATCG00270
ATMG01360	ATCG00580
ATMG01360	ATCG00570
ATMG01360	ATCG00430
ATMG01360	ATCG00710
ATMG01360	ATCG00080
ATMG01360	ATCG00550
ATMG01360	ATCG00070
ATMG01360	ATCG00560
ATMG01360	ATCG00220
ATMG01360	ATCG00700
ATMG01360	ATCG00690
ATMG01360	ATCG00510
ATMG01360	ATCG00630
ATMG01360	ATCG00490
ATMG01360	ATCG00520
ATMG01360	ATCG00300
ATMG00160	ATCG00470
ATMG00160	ATCG00120
ATMG00160	ATCG00480
ATMG00160	ATCG00140
ATMG00160	ATCG00150
ATMG00160	ATCG00130
ATMG00160	ATCG00860
ATMG00160	ATCG01280
ATMG00160	ATCG01040
ATMG00160	ATCG01060
ATMG00160	ATCG01110
ATMG00160	ATCG01100
ATMG00160	ATCG00420
ATMG00160	ATCG00440
ATMG00160	ATCG01080
ATMG00160	ATCG01010
ATMG00160	ATCG01070
ATMG00160	ATCG01090
ATMG00160	ATCG00600
ATMG00160	ATCG00540
ATMG00160	ATCG00720
ATMG00160	ATCG00730
ATMG00160	ATCG00360
ATMG00160	ATCG00340
ATMG00160	ATCG00350
ATMG00160	ATCG00020
ATMG00160	ATCG00680
ATMG00160	ATCG00280
ATMG00160	ATCG00270
ATMG00160	ATCG00580
ATMG00160	ATCG00570
ATMG00160	ATCG00430
ATMG00160	ATCG00710
ATMG00160	ATCG00080
ATMG00160	ATCG00550
ATMG00160	ATCG00070
ATMG00160	ATCG00560
ATMG00160	ATCG00220
ATMG00160	ATCG00700
ATMG00160	ATCG00690
ATMG00160	ATCG00510
ATMG00160	ATCG00630
ATMG00160	ATCG00490
ATMG00160	ATCG00520
ATMG00160	ATCG00300
ATMG00690	ATCG00470
ATMG00690	ATCG00120
ATMG00690	ATCG00480
ATMG00690	ATCG00140
ATMG00690	ATCG00150
ATMG00690	ATCG00130
ATMG00690	ATCG00860
ATMG00690	ATCG01280
ATMG00690	ATCG01040
ATMG00690	ATCG01060
ATMG00690	ATCG01110
ATMG00690	ATCG01100
ATMG00690	ATCG00420
ATMG00690	ATCG00440
ATMG00690	ATCG01080
ATMG00690	ATCG01010
ATMG00690	ATCG01070
ATMG00690	ATCG01090
ATMG00690	ATCG00600
ATMG00690	ATCG00540
ATMG00690	ATCG00720
ATMG00690	ATCG00730
ATMG00690	ATCG00360
ATMG00690	ATCG00340
ATMG00690	ATCG00350
ATMG00690	ATCG00020
ATMG00690	ATCG00680
ATMG00690	ATCG00280
ATMG00690	ATCG00270
ATMG00690	ATCG00580
ATMG00690	ATCG00570
ATMG00690	ATCG00430
ATMG00690	ATCG00710
ATMG00690	ATCG00080
ATMG00690	ATCG00550
ATMG00690	ATCG00070
ATMG00690	ATCG00560
ATMG00690	ATCG00220
ATMG00690	ATCG00700
ATMG00690	ATCG00690
ATMG00690	ATCG00510
ATMG00690	ATCG00630
ATMG00690	ATCG00490
ATMG00690	ATCG00520
ATMG00690	ATCG00300
ATMG00010	ATCG00470
ATMG00010	ATCG00120
ATMG00010	ATCG00480
ATMG00010	ATCG00140
ATMG00010	ATCG00150
ATMG00010	ATCG00130
ATMG00010	ATCG00860
ATMG00010	ATCG01280
ATMG00010	ATCG01040
ATMG00010	ATCG01060
ATMG00010	ATCG01110
ATMG00010	ATCG01100
ATMG00010	ATCG00420
ATMG00010	ATCG00440
ATMG00010	ATCG01080
ATMG00010	ATCG01010
ATMG00010	ATCG01070
ATMG00010	ATCG01090
ATMG00010	ATCG00600
ATMG00010	ATCG00540
ATMG00010	ATCG00720
ATMG00010	ATCG00730
ATMG00010	ATCG00360
ATMG00010	ATCG00340
ATMG00010	ATCG00350
ATMG00010	ATCG00020
ATMG00010	ATCG00680
ATMG00010	ATCG00280
ATMG00010	ATCG00270
ATMG00010	ATCG00580
ATMG00010	ATCG00570
ATMG00010	ATCG00430
ATMG00010	ATCG00710
ATMG00010	ATCG00080
ATMG00010	ATCG00550
ATMG00010	ATCG00070
ATMG00010	ATCG00560
ATMG00010	ATCG00220
ATMG00010	ATCG00700
ATMG00010	ATCG00690
ATMG00010	ATCG00510
ATMG00010	ATCG00630
ATMG00010	ATCG00490
ATMG00010	ATCG00520
ATMG00010	ATCG00300
ATMG00050	ATCG00470
ATMG00050	ATCG00120
ATMG00050	ATCG00480
ATMG00050	ATCG00140
ATMG00050	ATCG00150
ATMG00050	ATCG00130
ATMG00050	ATCG00860
ATMG00050	ATCG01280
ATMG00050	ATCG01040
ATMG00050	ATCG01060
ATMG00050	ATCG01110
ATMG00050	ATCG01100
ATMG00050	ATCG00420
ATMG00050	ATCG00440
ATMG00050	ATCG01080
ATMG00050	ATCG01010
ATMG00050	ATCG01070
ATMG00050	ATCG01090
ATMG00050	ATCG00600
ATMG00050	ATCG00540
ATMG00050	ATCG00720
ATMG00050	ATCG00730
ATMG00050	ATCG00360
ATMG00050	ATCG00340
ATMG00050	ATCG00350
ATMG00050	ATCG00020
ATMG00050	ATCG00680
ATMG00050	ATCG00280
ATMG00050	ATCG00270
ATMG00050	ATCG00580
ATMG00050	ATCG00570
ATMG00050	ATCG00430
ATMG00050	ATCG00710
ATMG00050	ATCG00080
ATMG00050	ATCG00550
ATMG00050	ATCG00070
ATMG00050	ATCG00560
ATMG00050	ATCG00220
ATMG00050	ATCG00700
ATMG00050	ATCG00690
ATMG00050	ATCG00510
ATMG00050	ATCG00630
ATMG00050	ATCG00490
ATMG00050	ATCG00520
ATMG00050	ATCG00300
ATMG00130	ATCG00470
ATMG00130	ATCG00120
ATMG00130	ATCG00480
ATMG00130	ATCG00140
ATMG00130	ATCG00150
ATMG00130	ATCG00130
ATMG00130	ATCG00860
ATMG00130	ATCG01280
ATMG00130	ATCG01040
ATMG00130	ATCG01060
ATMG00130	ATCG01110
ATMG00130	ATCG01100
ATMG00130	ATCG00420
ATMG00130	ATCG00440
ATMG00130	ATCG01080
ATMG00130	ATCG01010
ATMG00130	ATCG01070
ATMG00130	ATCG01090
ATMG00130	ATCG00600
ATMG00130	ATCG00540
ATMG00130	ATCG00720
ATMG00130	ATCG00730
ATMG00130	ATCG00360
ATMG00130	ATCG00340
ATMG00130	ATCG00350
ATMG00130	ATCG00020
ATMG00130	ATCG00680
ATMG00130	ATCG00280
ATMG00130	ATCG00270
ATMG00130	ATCG00580
ATMG00130	ATCG00570
ATMG00130	ATCG00430
ATMG00130	ATCG00710
ATMG00130	ATCG00080
ATMG00130	ATCG00550
ATMG00130	ATCG00070
ATMG00130	ATCG00560
ATMG00130	ATCG00220
ATMG00130	ATCG00700
ATMG00130	ATCG00690
ATMG00130	ATCG00510
ATMG00130	ATCG00630
ATMG00130	ATCG00490
ATMG00130	ATCG00520
ATMG00130	ATCG00300
ATMG00260	ATCG00470
ATMG00260	ATCG00120
ATMG00260	ATCG00480
ATMG00260	ATCG00140
ATMG00260	ATCG00150
ATMG00260	ATCG00130
ATMG00260	ATCG00860
ATMG00260	ATCG01280
ATMG00260	ATCG01040
ATMG00260	ATCG01060
ATMG00260	ATCG01110
ATMG00260	ATCG01100
ATMG00260	ATCG00420
ATMG00260	ATCG00440
ATMG00260	ATCG01080
ATMG00260	ATCG01010
ATMG00260	ATCG01070
ATMG00260	ATCG01090
ATMG00260	ATCG00600
ATMG00260	ATCG00540
ATMG00260	ATCG00720
ATMG00260	ATCG00730
ATMG00260	ATCG00360
ATMG00260	ATCG00340
ATMG00260	ATCG00350
ATMG00260	ATCG00020
ATMG00260	ATCG00680
ATMG00260	ATCG00280
ATMG00260	ATCG00270
ATMG00260	ATCG00580
ATMG00260	ATCG00570
ATMG00260	ATCG00430
ATMG00260	ATCG00710
ATMG00260	ATCG00080
ATMG00260	ATCG00550
ATMG00260	ATCG00070
ATMG00260	ATCG00560
ATMG00260	ATCG00220
ATMG00260	ATCG00700
ATMG00260	ATCG00690
ATMG00260	ATCG00510
ATMG00260	ATCG00630
ATMG00260	ATCG00490
ATMG00260	ATCG00520
ATMG00260	ATCG00300
ATMG00320	ATCG00470
ATMG00320	ATCG00120
ATMG00320	ATCG00480
ATMG00320	ATCG00140
ATMG00320	ATCG00150
ATMG00320	ATCG00130
ATMG00320	ATCG00860
ATMG00320	ATCG01280
ATMG00320	ATCG01040
ATMG00320	ATCG01060
ATMG00320	ATCG01110
ATMG00320	ATCG01100
ATMG00320	ATCG00420
ATMG00320	ATCG00440
ATMG00320	ATCG01080
ATMG00320	ATCG01010
ATMG00320	ATCG01070
ATMG00320	ATCG01090
ATMG00320	ATCG00600
ATMG00320	ATCG00540
ATMG00320	ATCG00720
ATMG00320	ATCG00730
ATMG00320	ATCG00360
ATMG00320	ATCG00340
ATMG00320	ATCG00350
ATMG00320	ATCG00020
ATMG00320	ATCG00680
ATMG00320	ATCG00280
ATMG00320	ATCG00270
ATMG00320	ATCG00580
ATMG00320	ATCG00570
ATMG00320	ATCG00430
ATMG00320	ATCG00710
ATMG00320	ATCG00080
ATMG00320	ATCG00550
ATMG00320	ATCG00070
ATMG00320	ATCG00560
ATMG00320	ATCG00220
ATMG00320	ATCG00700
ATMG00320	ATCG00690
ATMG00320	ATCG00510
ATMG00320	ATCG00630
ATMG00320	ATCG00490
ATMG00320	ATCG00520
ATMG00320	ATCG00300
ATMG00400	ATCG00470
ATMG00400	ATCG00120
ATMG00400	ATCG00480
ATMG00400	ATCG00140
ATMG00400	ATCG00150
ATMG00400	ATCG00130
ATMG00400	ATCG00860
ATMG00400	ATCG01280
ATMG00400	ATCG01040
ATMG00400	ATCG01060
ATMG00400	ATCG01110
ATMG00400	ATCG01100
ATMG00400	ATCG00420
ATMG00400	ATCG00440
ATMG00400	ATCG01080
ATMG00400	ATCG01010
ATMG00400	ATCG01070
ATMG00400	ATCG01090
ATMG00400	ATCG00600
ATMG00400	ATCG00540
ATMG00400	ATCG00720
ATMG00400	ATCG00730
ATMG00400	ATCG00360
ATMG00400	ATCG00340
ATMG00400	ATCG00350
ATMG00400	ATCG00020
ATMG00400	ATCG00680
ATMG00400	ATCG00280
ATMG00400	ATCG00270
ATMG00400	ATCG00580
ATMG00400	ATCG00570
ATMG00400	ATCG00430
ATMG00400	ATCG00710
ATMG00400	ATCG00080
ATMG00400	ATCG00550
ATMG00400	ATCG00070
ATMG00400	ATCG00560
ATMG00400	ATCG00220
ATMG00400	ATCG00700
ATMG00400	ATCG00690
ATMG00400	ATCG00510
ATMG00400	ATCG00630
ATMG00400	ATCG00490
ATMG00400	ATCG00520
ATMG00400	ATCG00300
ATMG00450	ATCG00470
ATMG00450	ATCG00120
ATMG00450	ATCG00480
ATMG00450	ATCG00140
ATMG00450	ATCG00150
ATMG00450	ATCG00130
ATMG00450	ATCG00860
ATMG00450	ATCG01280
ATMG00450	ATCG01040
ATMG00450	ATCG01060
ATMG00450	ATCG01110
ATMG00450	ATCG01100
ATMG00450	ATCG00420
ATMG00450	ATCG00440
ATMG00450	ATCG01080
ATMG00450	ATCG01010
ATMG00450	ATCG01070
ATMG00450	ATCG01090
ATMG00450	ATCG00600
ATMG00450	ATCG00540
ATMG00450	ATCG00720
ATMG00450	ATCG00730
ATMG00450	ATCG00360
ATMG00450	ATCG00340
ATMG00450	ATCG00350
ATMG00450	ATCG00020
ATMG00450	ATCG00680
ATMG00450	ATCG00280
ATMG00450	ATCG00270
ATMG00450	ATCG00580
ATMG00450	ATCG00570
ATMG00450	ATCG00430
ATMG00450	ATCG00710
ATMG00450	ATCG00080
ATMG00450	ATCG00550
ATMG00450	ATCG00070
ATMG00450	ATCG00560
ATMG00450	ATCG00220
ATMG00450	ATCG00700
ATMG00450	ATCG00690
ATMG00450	ATCG00510
ATMG00450	ATCG00630
ATMG00450	ATCG00490
ATMG00450	ATCG00520
ATMG00450	ATCG00300
ATMG00530	ATCG00470
ATMG00530	ATCG00120
ATMG00530	ATCG00480
ATMG00530	ATCG00140
ATMG00530	ATCG00150
ATMG00530	ATCG00130
ATMG00530	ATCG00860
ATMG00530	ATCG01280
ATMG00530	ATCG01040
ATMG00530	ATCG01060
ATMG00530	ATCG01110
ATMG00530	ATCG01100
ATMG00530	ATCG00420
ATMG00530	ATCG00440
ATMG00530	ATCG01080
ATMG00530	ATCG01010
ATMG00530	ATCG01070
ATMG00530	ATCG01090
ATMG00530	ATCG00600
ATMG00530	ATCG00540
ATMG00530	ATCG00720
ATMG00530	ATCG00730
ATMG00530	ATCG00360
ATMG00530	ATCG00340
ATMG00530	ATCG00350
ATMG00530	ATCG00020
ATMG00530	ATCG00680
ATMG00530	ATCG00280
ATMG00530	ATCG00270
ATMG00530	ATCG00580
ATMG00530	ATCG00570
ATMG00530	ATCG00430
ATMG00530	ATCG00710
ATMG00530	ATCG00080
ATMG00530	ATCG00550
ATMG00530	ATCG00070
ATMG00530	ATCG00560
ATMG00530	ATCG00220
ATMG00530	ATCG00700
ATMG00530	ATCG00690
ATMG00530	ATCG00510
ATMG00530	ATCG00630
ATMG00530	ATCG00490
ATMG00530	ATCG00520
ATMG00530	ATCG00300
ATMG00600	ATCG00470
ATMG00600	ATCG00120
ATMG00600	ATCG00480
ATMG00600	ATCG00140
ATMG00600	ATCG00150
ATMG00600	ATCG00130
ATMG00600	ATCG00860
ATMG00600	ATCG01280
ATMG00600	ATCG01040
ATMG00600	ATCG01060
ATMG00600	ATCG01110
ATMG00600	ATCG01100
ATMG00600	ATCG00420
ATMG00600	ATCG00440
ATMG00600	ATCG01080
ATMG00600	ATCG01010
ATMG00600	ATCG01070
ATMG00600	ATCG01090
ATMG00600	ATCG00600
ATMG00600	ATCG00540
ATMG00600	ATCG00720
ATMG00600	ATCG00730
ATMG00600	ATCG00360
ATMG00600	ATCG00340
ATMG00600	ATCG00350
ATMG00600	ATCG00020
ATMG00600	ATCG00680
ATMG00600	ATCG00280
ATMG00600	ATCG00270
ATMG00600	ATCG00580
ATMG00600	ATCG00570
ATMG00600	ATCG00430
ATMG00600	ATCG00710
ATMG00600	ATCG00080
ATMG00600	ATCG00550
ATMG00600	ATCG00070
ATMG00600	ATCG00560
ATMG00600	ATCG00220
ATMG00600	ATCG00700
ATMG00600	ATCG00690
ATMG00600	ATCG00510
ATMG00600	ATCG00630
ATMG00600	ATCG00490
ATMG00600	ATCG00520
ATMG00600	ATCG00300
ATMG00630	ATCG00470
ATMG00630	ATCG00120
ATMG00630	ATCG00480
ATMG00630	ATCG00140
ATMG00630	ATCG00150
ATMG00630	ATCG00130
ATMG00630	ATCG00860
ATMG00630	ATCG01280
ATMG00630	ATCG01040
ATMG00630	ATCG01060
ATMG00630	ATCG01110
ATMG00630	ATCG01100
ATMG00630	ATCG00420
ATMG00630	ATCG00440
ATMG00630	ATCG01080
ATMG00630	ATCG01010
ATMG00630	ATCG01070
ATMG00630	ATCG01090
ATMG00630	ATCG00600
ATMG00630	ATCG00540
ATMG00630	ATCG00720
ATMG00630	ATCG00730
ATMG00630	ATCG00360
ATMG00630	ATCG00340
ATMG00630	ATCG00350
ATMG00630	ATCG00020
ATMG00630	ATCG00680
ATMG00630	ATCG00280
ATMG00630	ATCG00270
ATMG00630	ATCG00580
ATMG00630	ATCG00570
ATMG00630	ATCG00430
ATMG00630	ATCG00710
ATMG00630	ATCG00080
ATMG00630	ATCG00550
ATMG00630	ATCG00070
ATMG00630	ATCG00560
ATMG00630	ATCG00220
ATMG00630	ATCG00700
ATMG00630	ATCG00690
ATMG00630	ATCG00510
ATMG00630	ATCG00630
ATMG00630	ATCG00490
ATMG00630	ATCG00520
ATMG00630	ATCG00300
ATMG00660	ATCG00470
ATMG00660	ATCG00120
ATMG00660	ATCG00480
ATMG00660	ATCG00140
ATMG00660	ATCG00150
ATMG00660	ATCG00130
ATMG00660	ATCG00860
ATMG00660	ATCG01280
ATMG00660	ATCG01040
ATMG00660	ATCG01060
ATMG00660	ATCG01110
ATMG00660	ATCG01100
ATMG00660	ATCG00420
ATMG00660	ATCG00440
ATMG00660	ATCG01080
ATMG00660	ATCG01010
ATMG00660	ATCG01070
ATMG00660	ATCG01090
ATMG00660	ATCG00600
ATMG00660	ATCG00540
ATMG00660	ATCG00720
ATMG00660	ATCG00730
ATMG00660	ATCG00360
ATMG00660	ATCG00340
ATMG00660	ATCG00350
ATMG00660	ATCG00020
ATMG00660	ATCG00680
ATMG00660	ATCG00280
ATMG00660	ATCG00270
ATMG00660	ATCG00580
ATMG00660	ATCG00570
ATMG00660	ATCG00430
ATMG00660	ATCG00710
ATMG00660	ATCG00080
ATMG00660	ATCG00550
ATMG00660	ATCG00070
ATMG00660	ATCG00560
ATMG00660	ATCG00220
ATMG00660	ATCG00700
ATMG00660	ATCG00690
ATMG00660	ATCG00510
ATMG00660	ATCG00630
ATMG00660	ATCG00490
ATMG00660	ATCG00520
ATMG00660	ATCG00300
ATMG00720	ATCG00470
ATMG00720	ATCG00120
ATMG00720	ATCG00480
ATMG00720	ATCG00140
ATMG00720	ATCG00150
ATMG00720	ATCG00130
ATMG00720	ATCG00860
ATMG00720	ATCG01280
ATMG00720	ATCG01040
ATMG00720	ATCG01060
ATMG00720	ATCG01110
ATMG00720	ATCG01100
ATMG00720	ATCG00420
ATMG00720	ATCG00440
ATMG00720	ATCG01080
ATMG00720	ATCG01010
ATMG00720	ATCG01070
ATMG00720	ATCG01090
ATMG00720	ATCG00600
ATMG00720	ATCG00540
ATMG00720	ATCG00720
ATMG00720	ATCG00730
ATMG00720	ATCG00360
ATMG00720	ATCG00340
ATMG00720	ATCG00350
ATMG00720	ATCG00020
ATMG00720	ATCG00680
ATMG00720	ATCG00280
ATMG00720	ATCG00270
ATMG00720	ATCG00580
ATMG00720	ATCG00570
ATMG00720	ATCG00430
ATMG00720	ATCG00710
ATMG00720	ATCG00080
ATMG00720	ATCG00550
ATMG00720	ATCG00070
ATMG00720	ATCG00560
ATMG00720	ATCG00220
ATMG00720	ATCG00700
ATMG00720	ATCG00690
ATMG00720	ATCG00510
ATMG00720	ATCG00630
ATMG00720	ATCG00490
ATMG00720	ATCG00520
ATMG00720	ATCG00300
ATMG00740	ATCG00470
ATMG00740	ATCG00120
ATMG00740	ATCG00480
ATMG00740	ATCG00140
ATMG00740	ATCG00150
ATMG00740	ATCG00130
ATMG00740	ATCG00860
ATMG00740	ATCG01280
ATMG00740	ATCG01040
ATMG00740	ATCG01060
ATMG00740	ATCG01110
ATMG00740	ATCG01100
ATMG00740	ATCG00420
ATMG00740	ATCG00440
ATMG00740	ATCG01080
ATMG00740	ATCG01010
ATMG00740	ATCG01070
ATMG00740	ATCG01090
ATMG00740	ATCG00600
ATMG00740	ATCG00540
ATMG00740	ATCG00720
ATMG00740	ATCG00730
ATMG00740	ATCG00360
ATMG00740	ATCG00340
ATMG00740	ATCG00350
ATMG00740	ATCG00020
ATMG00740	ATCG00680
ATMG00740	ATCG00280
ATMG00740	ATCG00270
ATMG00740	ATCG00580
ATMG00740	ATCG00570
ATMG00740	ATCG00430
ATMG00740	ATCG00710
ATMG00740	ATCG00080
ATMG00740	ATCG00550
ATMG00740	ATCG00070
ATMG00740	ATCG00560
ATMG00740	ATCG00220
ATMG00740	ATCG00700
ATMG00740	ATCG00690
ATMG00740	ATCG00510
ATMG00740	ATCG00630
ATMG00740	ATCG00490
ATMG00740	ATCG00520
ATMG00740	ATCG00300
ATMG00840	ATCG00470
ATMG00840	ATCG00120
ATMG00840	ATCG00480
ATMG00840	ATCG00140
ATMG00840	ATCG00150
ATMG00840	ATCG00130
ATMG00840	ATCG00860
ATMG00840	ATCG01280
ATMG00840	ATCG01040
ATMG00840	ATCG01060
ATMG00840	ATCG01110
ATMG00840	ATCG01100
ATMG00840	ATCG00420
ATMG00840	ATCG00440
ATMG00840	ATCG01080
ATMG00840	ATCG01010
ATMG00840	ATCG01070
ATMG00840	ATCG01090
ATMG00840	ATCG00600
ATMG00840	ATCG00540
ATMG00840	ATCG00720
ATMG00840	ATCG00730
ATMG00840	ATCG00360
ATMG00840	ATCG00340
ATMG00840	ATCG00350
ATMG00840	ATCG00020
ATMG00840	ATCG00680
ATMG00840	ATCG00280
ATMG00840	ATCG00270
ATMG00840	ATCG00580
ATMG00840	ATCG00570
ATMG00840	ATCG00430
ATMG00840	ATCG00710
ATMG00840	ATCG00080
ATMG00840	ATCG00550
ATMG00840	ATCG00070
ATMG00840	ATCG00560
ATMG00840	ATCG00220
ATMG00840	ATCG00700
ATMG00840	ATCG00690
ATMG00840	ATCG00510
ATMG00840	ATCG00630
ATMG00840	ATCG00490
ATMG00840	ATCG00520
ATMG00840	ATCG00300
ATMG00870	ATCG00470
ATMG00870	ATCG00120
ATMG00870	ATCG00480
ATMG00870	ATCG00140
ATMG00870	ATCG00150
ATMG00870	ATCG00130
ATMG00870	ATCG00860
ATMG00870	ATCG01280
ATMG00870	ATCG01040
ATMG00870	ATCG01060
ATMG00870	ATCG01110
ATMG00870	ATCG01100
ATMG00870	ATCG00420
ATMG00870	ATCG00440
ATMG00870	ATCG01080
ATMG00870	ATCG01010
ATMG00870	ATCG01070
ATMG00870	ATCG01090
ATMG00870	ATCG00600
ATMG00870	ATCG00540
ATMG00870	ATCG00720
ATMG00870	ATCG00730
ATMG00870	ATCG00360
ATMG00870	ATCG00340
ATMG00870	ATCG00350
ATMG00870	ATCG00020
ATMG00870	ATCG00680
ATMG00870	ATCG00280
ATMG00870	ATCG00270
ATMG00870	ATCG00580
ATMG00870	ATCG00570
ATMG00870	ATCG00430
ATMG00870	ATCG00710
ATMG00870	ATCG00080
ATMG00870	ATCG00550
ATMG00870	ATCG00070
ATMG00870	ATCG00560
ATMG00870	ATCG00220
ATMG00870	ATCG00700
ATMG00870	ATCG00690
ATMG00870	ATCG00510
ATMG00870	ATCG00630
ATMG00870	ATCG00490
ATMG00870	ATCG00520
ATMG00870	ATCG00300
ATMG00880	ATCG00470
ATMG00880	ATCG00120
ATMG00880	ATCG00480
ATMG00880	ATCG00140
ATMG00880	ATCG00150
ATMG00880	ATCG00130
ATMG00880	ATCG00860
ATMG00880	ATCG01280
ATMG00880	ATCG01040
ATMG00880	ATCG01060
ATMG00880	ATCG01110
ATMG00880	ATCG01100
ATMG00880	ATCG00420
ATMG00880	ATCG00440
ATMG00880	ATCG01080
ATMG00880	ATCG01010
ATMG00880	ATCG01070
ATMG00880	ATCG01090
ATMG00880	ATCG00600
ATMG00880	ATCG00540
ATMG00880	ATCG00720
ATMG00880	ATCG00730
ATMG00880	ATCG00360
ATMG00880	ATCG00340
ATMG00880	ATCG00350
ATMG00880	ATCG00020
ATMG00880	ATCG00680
ATMG00880	ATCG00280
ATMG00880	ATCG00270
ATMG00880	ATCG00580
ATMG00880	ATCG00570
ATMG00880	ATCG00430
ATMG00880	ATCG00710
ATMG00880	ATCG00080
ATMG00880	ATCG00550
ATMG00880	ATCG00070
ATMG00880	ATCG00560
ATMG00880	ATCG00220
ATMG00880	ATCG00700
ATMG00880	ATCG00690
ATMG00880	ATCG00510
ATMG00880	ATCG00630
ATMG00880	ATCG00490
ATMG00880	ATCG00520
ATMG00880	ATCG00300
ATMG00890	ATCG00470
ATMG00890	ATCG00120
ATMG00890	ATCG00480
ATMG00890	ATCG00140
ATMG00890	ATCG00150
ATMG00890	ATCG00130
ATMG00890	ATCG00860
ATMG00890	ATCG01280
ATMG00890	ATCG01040
ATMG00890	ATCG01060
ATMG00890	ATCG01110
ATMG00890	ATCG01100
ATMG00890	ATCG00420
ATMG00890	ATCG00440
ATMG00890	ATCG01080
ATMG00890	ATCG01010
ATMG00890	ATCG01070
ATMG00890	ATCG01090
ATMG00890	ATCG00600
ATMG00890	ATCG00540
ATMG00890	ATCG00720
ATMG00890	ATCG00730
ATMG00890	ATCG00360
ATMG00890	ATCG00340
ATMG00890	ATCG00350
ATMG00890	ATCG00020
ATMG00890	ATCG00680
ATMG00890	ATCG00280
ATMG00890	ATCG00270
ATMG00890	ATCG00580
ATMG00890	ATCG00570
ATMG00890	ATCG00430
ATMG00890	ATCG00710
ATMG00890	ATCG00080
ATMG00890	ATCG00550
ATMG00890	ATCG00070
ATMG00890	ATCG00560
ATMG00890	ATCG00220
ATMG00890	ATCG00700
ATMG00890	ATCG00690
ATMG00890	ATCG00510
ATMG00890	ATCG00630
ATMG00890	ATCG00490
ATMG00890	ATCG00520
ATMG00890	ATCG00300
ATMG01000	ATCG00470
ATMG01000	ATCG00120
ATMG01000	ATCG00480
ATMG01000	ATCG00140
ATMG01000	ATCG00150
ATMG01000	ATCG00130
ATMG01000	ATCG00860
ATMG01000	ATCG01280
ATMG01000	ATCG01040
ATMG01000	ATCG01060
ATMG01000	ATCG01110
ATMG01000	ATCG01100
ATMG01000	ATCG00420
ATMG01000	ATCG00440
ATMG01000	ATCG01080
ATMG01000	ATCG01010
ATMG01000	ATCG01070
ATMG01000	ATCG01090
ATMG01000	ATCG00600
ATMG01000	ATCG00540
ATMG01000	ATCG00720
ATMG01000	ATCG00730
ATMG01000	ATCG00360
ATMG01000	ATCG00340
ATMG01000	ATCG00350
ATMG01000	ATCG00020
ATMG01000	ATCG00680
ATMG01000	ATCG00280
ATMG01000	ATCG00270
ATMG01000	ATCG00580
ATMG01000	ATCG00570
ATMG01000	ATCG00430
ATMG01000	ATCG00710
ATMG01000	ATCG00080
ATMG01000	ATCG00550
ATMG01000	ATCG00070
ATMG01000	ATCG00560
ATMG01000	ATCG00220
ATMG01000	ATCG00700
ATMG01000	ATCG00690
ATMG01000	ATCG00510
ATMG01000	ATCG00630
ATMG01000	ATCG00490
ATMG01000	ATCG00520
ATMG01000	ATCG00300
ATMG01040	ATCG00470
ATMG01040	ATCG00120
ATMG01040	ATCG00480
ATMG01040	ATCG00140
ATMG01040	ATCG00150
ATMG01040	ATCG00130
ATMG01040	ATCG00860
ATMG01040	ATCG01280
ATMG01040	ATCG01040
ATMG01040	ATCG01060
ATMG01040	ATCG01110
ATMG01040	ATCG01100
ATMG01040	ATCG00420
ATMG01040	ATCG00440
ATMG01040	ATCG01080
ATMG01040	ATCG01010
ATMG01040	ATCG01070
ATMG01040	ATCG01090
ATMG01040	ATCG00600
ATMG01040	ATCG00540
ATMG01040	ATCG00720
ATMG01040	ATCG00730
ATMG01040	ATCG00360
ATMG01040	ATCG00340
ATMG01040	ATCG00350
ATMG01040	ATCG00020
ATMG01040	ATCG00680
ATMG01040	ATCG00280
ATMG01040	ATCG00270
ATMG01040	ATCG00580
ATMG01040	ATCG00570
ATMG01040	ATCG00430
ATMG01040	ATCG00710
ATMG01040	ATCG00080
ATMG01040	ATCG00550
ATMG01040	ATCG00070
ATMG01040	ATCG00560
ATMG01040	ATCG00220
ATMG01040	ATCG00700
ATMG01040	ATCG00690
ATMG01040	ATCG00510
ATMG01040	ATCG00630
ATMG01040	ATCG00490
ATMG01040	ATCG00520
ATMG01040	ATCG00300
ATMG01060	ATCG00470
ATMG01060	ATCG00120
ATMG01060	ATCG00480
ATMG01060	ATCG00140
ATMG01060	ATCG00150
ATMG01060	ATCG00130
ATMG01060	ATCG00860
ATMG01060	ATCG01280
ATMG01060	ATCG01040
ATMG01060	ATCG01060
ATMG01060	ATCG01110
ATMG01060	ATCG01100
ATMG01060	ATCG00420
ATMG01060	ATCG00440
ATMG01060	ATCG01080
ATMG01060	ATCG01010
ATMG01060	ATCG01070
ATMG01060	ATCG01090
ATMG01060	ATCG00600
ATMG01060	ATCG00540
ATMG01060	ATCG00720
ATMG01060	ATCG00730
ATMG01060	ATCG00360
ATMG01060	ATCG00340
ATMG01060	ATCG00350
ATMG01060	ATCG00020
ATMG01060	ATCG00680
ATMG01060	ATCG00280
ATMG01060	ATCG00270
ATMG01060	ATCG00580
ATMG01060	ATCG00570
ATMG01060	ATCG00430
ATMG01060	ATCG00710
ATMG01060	ATCG00080
ATMG01060	ATCG00550
ATMG01060	ATCG00070
ATMG01060	ATCG00560
ATMG01060	ATCG00220
ATMG01060	ATCG00700
ATMG01060	ATCG00690
ATMG01060	ATCG00510
ATMG01060	ATCG00630
ATMG01060	ATCG00490
ATMG01060	ATCG00520
ATMG01060	ATCG00300
ATMG01100	ATCG00470
ATMG01100	ATCG00120
ATMG01100	ATCG00480
ATMG01100	ATCG00140
ATMG01100	ATCG00150
ATMG01100	ATCG00130
ATMG01100	ATCG00860
ATMG01100	ATCG01280
ATMG01100	ATCG01040
ATMG01100	ATCG01060
ATMG01100	ATCG01110
ATMG01100	ATCG01100
ATMG01100	ATCG00420
ATMG01100	ATCG00440
ATMG01100	ATCG01080
ATMG01100	ATCG01010
ATMG01100	ATCG01070
ATMG01100	ATCG01090
ATMG01100	ATCG00600
ATMG01100	ATCG00540
ATMG01100	ATCG00720
ATMG01100	ATCG00730
ATMG01100	ATCG00360
ATMG01100	ATCG00340
ATMG01100	ATCG00350
ATMG01100	ATCG00020
ATMG01100	ATCG00680
ATMG01100	ATCG00280
ATMG01100	ATCG00270
ATMG01100	ATCG00580
ATMG01100	ATCG00570
ATMG01100	ATCG00430
ATMG01100	ATCG00710
ATMG01100	ATCG00080
ATMG01100	ATCG00550
ATMG01100	ATCG00070
ATMG01100	ATCG00560
ATMG01100	ATCG00220
ATMG01100	ATCG00700
ATMG01100	ATCG00690
ATMG01100	ATCG00510
ATMG01100	ATCG00630
ATMG01100	ATCG00490
ATMG01100	ATCG00520
ATMG01100	ATCG00300
ATMG01130	ATCG00470
ATMG01130	ATCG00120
ATMG01130	ATCG00480
ATMG01130	ATCG00140
ATMG01130	ATCG00150
ATMG01130	ATCG00130
ATMG01130	ATCG00860
ATMG01130	ATCG01280
ATMG01130	ATCG01040
ATMG01130	ATCG01060
ATMG01130	ATCG01110
ATMG01130	ATCG01100
ATMG01130	ATCG00420
ATMG01130	ATCG00440
ATMG01130	ATCG01080
ATMG01130	ATCG01010
ATMG01130	ATCG01070
ATMG01130	ATCG01090
ATMG01130	ATCG00600
ATMG01130	ATCG00540
ATMG01130	ATCG00720
ATMG01130	ATCG00730
ATMG01130	ATCG00360
ATMG01130	ATCG00340
ATMG01130	ATCG00350
ATMG01130	ATCG00020
ATMG01130	ATCG00680
ATMG01130	ATCG00280
ATMG01130	ATCG00270
ATMG01130	ATCG00580
ATMG01130	ATCG00570
ATMG01130	ATCG00430
ATMG01130	ATCG00710
ATMG01130	ATCG00080
ATMG01130	ATCG00550
ATMG01130	ATCG00070
ATMG01130	ATCG00560
ATMG01130	ATCG00220
ATMG01130	ATCG00700
ATMG01130	ATCG00690
ATMG01130	ATCG00510
ATMG01130	ATCG00630
ATMG01130	ATCG00490
ATMG01130	ATCG00520
ATMG01130	ATCG00300
ATMG01180	ATCG00470
ATMG01180	ATCG00120
ATMG01180	ATCG00480
ATMG01180	ATCG00140
ATMG01180	ATCG00150
ATMG01180	ATCG00130
ATMG01180	ATCG00860
ATMG01180	ATCG01280
ATMG01180	ATCG01040
ATMG01180	ATCG01060
ATMG01180	ATCG01110
ATMG01180	ATCG01100
ATMG01180	ATCG00420
ATMG01180	ATCG00440
ATMG01180	ATCG01080
ATMG01180	ATCG01010
ATMG01180	ATCG01070
ATMG01180	ATCG01090
ATMG01180	ATCG00600
ATMG01180	ATCG00540
ATMG01180	ATCG00720
ATMG01180	ATCG00730
ATMG01180	ATCG00360
ATMG01180	ATCG00340
ATMG01180	ATCG00350
ATMG01180	ATCG00020
ATMG01180	ATCG00680
ATMG01180	ATCG00280
ATMG01180	ATCG00270
ATMG01180	ATCG00580
ATMG01180	ATCG00570
ATMG01180	ATCG00430
ATMG01180	ATCG00710
ATMG01180	ATCG00080
ATMG01180	ATCG00550
ATMG01180	ATCG00070
ATMG01180	ATCG00560
ATMG01180	ATCG00220
ATMG01180	ATCG00700
ATMG01180	ATCG00690
ATMG01180	ATCG00510
ATMG01180	ATCG00630
ATMG01180	ATCG00490
ATMG01180	ATCG00520
ATMG01180	ATCG00300
ATMG01210	ATCG00470
ATMG01210	ATCG00120
ATMG01210	ATCG00480
ATMG01210	ATCG00140
ATMG01210	ATCG00150
ATMG01210	ATCG00130
ATMG01210	ATCG00860
ATMG01210	ATCG01280
ATMG01210	ATCG01040
ATMG01210	ATCG01060
ATMG01210	ATCG01110
ATMG01210	ATCG01100
ATMG01210	ATCG00420
ATMG01210	ATCG00440
ATMG01210	ATCG01080
ATMG01210	ATCG01010
ATMG01210	ATCG01070
ATMG01210	ATCG01090
ATMG01210	ATCG00600
ATMG01210	ATCG00540
ATMG01210	ATCG00720
ATMG01210	ATCG00730
ATMG01210	ATCG00360
ATMG01210	ATCG00340
ATMG01210	ATCG00350
ATMG01210	ATCG00020
ATMG01210	ATCG00680
ATMG01210	ATCG00280
ATMG01210	ATCG00270
ATMG01210	ATCG00580
ATMG01210	ATCG00570
ATMG01210	ATCG00430
ATMG01210	ATCG00710
ATMG01210	ATCG00080
ATMG01210	ATCG00550
ATMG01210	ATCG00070
ATMG01210	ATCG00560
ATMG01210	ATCG00220
ATMG01210	ATCG00700
ATMG01210	ATCG00690
ATMG01210	ATCG00510
ATMG01210	ATCG00630
ATMG01210	ATCG00490
ATMG01210	ATCG00520
ATMG01210	ATCG00300
ATMG01220	ATCG00470
ATMG01220	ATCG00120
ATMG01220	ATCG00480
ATMG01220	ATCG00140
ATMG01220	ATCG00150
ATMG01220	ATCG00130
ATMG01220	ATCG00860
ATMG01220	ATCG01280
ATMG01220	ATCG01040
ATMG01220	ATCG01060
ATMG01220	ATCG01110
ATMG01220	ATCG01100
ATMG01220	ATCG00420
ATMG01220	ATCG00440
ATMG01220	ATCG01080
ATMG01220	ATCG01010
ATMG01220	ATCG01070
ATMG01220	ATCG01090
ATMG01220	ATCG00600
ATMG01220	ATCG00540
ATMG01220	ATCG00720
ATMG01220	ATCG00730
ATMG01220	ATCG00360
ATMG01220	ATCG00340
ATMG01220	ATCG00350
ATMG01220	ATCG00020
ATMG01220	ATCG00680
ATMG01220	ATCG00280
ATMG01220	ATCG00270
ATMG01220	ATCG00580
ATMG01220	ATCG00570
ATMG01220	ATCG00430
ATMG01220	ATCG00710
ATMG01220	ATCG00080
ATMG01220	ATCG00550
ATMG01220	ATCG00070
ATMG01220	ATCG00560
ATMG01220	ATCG00220
ATMG01220	ATCG00700
ATMG01220	ATCG00690
ATMG01220	ATCG00510
ATMG01220	ATCG00630
ATMG01220	ATCG00490
ATMG01220	ATCG00520
ATMG01220	ATCG00300
ATMG01240	ATCG00470
ATMG01240	ATCG00120
ATMG01240	ATCG00480
ATMG01240	ATCG00140
ATMG01240	ATCG00150
ATMG01240	ATCG00130
ATMG01240	ATCG00860
ATMG01240	ATCG01280
ATMG01240	ATCG01040
ATMG01240	ATCG01060
ATMG01240	ATCG01110
ATMG01240	ATCG01100
ATMG01240	ATCG00420
ATMG01240	ATCG00440
ATMG01240	ATCG01080
ATMG01240	ATCG01010
ATMG01240	ATCG01070
ATMG01240	ATCG01090
ATMG01240	ATCG00600
ATMG01240	ATCG00540
ATMG01240	ATCG00720
ATMG01240	ATCG00730
ATMG01240	ATCG00360
ATMG01240	ATCG00340
ATMG01240	ATCG00350
ATMG01240	ATCG00020
ATMG01240	ATCG00680
ATMG01240	ATCG00280
ATMG01240	ATCG00270
ATMG01240	ATCG00580
ATMG01240	ATCG00570
ATMG01240	ATCG00430
ATMG01240	ATCG00710
ATMG01240	ATCG00080
ATMG01240	ATCG00550
ATMG01240	ATCG00070
ATMG01240	ATCG00560
ATMG01240	ATCG00220
ATMG01240	ATCG00700
ATMG01240	ATCG00690
ATMG01240	ATCG00510
ATMG01240	ATCG00630
ATMG01240	ATCG00490
ATMG01240	ATCG00520
ATMG01240	ATCG00300
ATMG01290	ATCG00470
ATMG01290	ATCG00120
ATMG01290	ATCG00480
ATMG01290	ATCG00140
ATMG01290	ATCG00150
ATMG01290	ATCG00130
ATMG01290	ATCG00860
ATMG01290	ATCG01280
ATMG01290	ATCG01040
ATMG01290	ATCG01060
ATMG01290	ATCG01110
ATMG01290	ATCG01100
ATMG01290	ATCG00420
ATMG01290	ATCG00440
ATMG01290	ATCG01080
ATMG01290	ATCG01010
ATMG01290	ATCG01070
ATMG01290	ATCG01090
ATMG01290	ATCG00600
ATMG01290	ATCG00540
ATMG01290	ATCG00720
ATMG01290	ATCG00730
ATMG01290	ATCG00360
ATMG01290	ATCG00340
ATMG01290	ATCG00350
ATMG01290	ATCG00020
ATMG01290	ATCG00680
ATMG01290	ATCG00280
ATMG01290	ATCG00270
ATMG01290	ATCG00580
ATMG01290	ATCG00570
ATMG01290	ATCG00430
ATMG01290	ATCG00710
ATMG01290	ATCG00080
ATMG01290	ATCG00550
ATMG01290	ATCG00070
ATMG01290	ATCG00560
ATMG01290	ATCG00220
ATMG01290	ATCG00700
ATMG01290	ATCG00690
ATMG01290	ATCG00510
ATMG01290	ATCG00630
ATMG01290	ATCG00490
ATMG01290	ATCG00520
ATMG01290	ATCG00300
ATMG01400	ATCG00470
ATMG01400	ATCG00120
ATMG01400	ATCG00480
ATMG01400	ATCG00140
ATMG01400	ATCG00150
ATMG01400	ATCG00130
ATMG01400	ATCG00860
ATMG01400	ATCG01280
ATMG01400	ATCG01040
ATMG01400	ATCG01060
ATMG01400	ATCG01110
ATMG01400	ATCG01100
ATMG01400	ATCG00420
ATMG01400	ATCG00440
ATMG01400	ATCG01080
ATMG01400	ATCG01010
ATMG01400	ATCG01070
ATMG01400	ATCG01090
ATMG01400	ATCG00600
ATMG01400	ATCG00540
ATMG01400	ATCG00720
ATMG01400	ATCG00730
ATMG01400	ATCG00360
ATMG01400	ATCG00340
ATMG01400	ATCG00350
ATMG01400	ATCG00020
ATMG01400	ATCG00680
ATMG01400	ATCG00280
ATMG01400	ATCG00270
ATMG01400	ATCG00580
ATMG01400	ATCG00570
ATMG01400	ATCG00430
ATMG01400	ATCG00710
ATMG01400	ATCG00080
ATMG01400	ATCG00550
ATMG01400	ATCG00070
ATMG01400	ATCG00560
ATMG01400	ATCG00220
ATMG01400	ATCG00700
ATMG01400	ATCG00690
ATMG01400	ATCG00510
ATMG01400	ATCG00630
ATMG01400	ATCG00490
ATMG01400	ATCG00520
ATMG01400	ATCG00300
ATMG00513	ATCG00470
ATMG00513	ATCG00120
ATMG00513	ATCG00480
ATMG00513	ATCG00140
ATMG00513	ATCG00150
ATMG00513	ATCG00130
ATMG00513	ATCG00860
ATMG00513	ATCG01280
ATMG00513	ATCG01040
ATMG00513	ATCG01060
ATMG00513	ATCG01110
ATMG00513	ATCG01100
ATMG00513	ATCG00420
ATMG00513	ATCG00440
ATMG00513	ATCG01080
ATMG00513	ATCG01010
ATMG00513	ATCG01070
ATMG00513	ATCG01090
ATMG00513	ATCG00600
ATMG00513	ATCG00540
ATMG00513	ATCG00720
ATMG00513	ATCG00730
ATMG00513	ATCG00360
ATMG00513	ATCG00340
ATMG00513	ATCG00350
ATMG00513	ATCG00020
ATMG00513	ATCG00680
ATMG00513	ATCG00280
ATMG00513	ATCG00270
ATMG00513	ATCG00580
ATMG00513	ATCG00570
ATMG00513	ATCG00430
ATMG00513	ATCG00710
ATMG00513	ATCG00080
ATMG00513	ATCG00550
ATMG00513	ATCG00070
ATMG00513	ATCG00560
ATMG00513	ATCG00220
ATMG00513	ATCG00700
ATMG00513	ATCG00690
ATMG00513	ATCG00510
ATMG00513	ATCG00630
ATMG00513	ATCG00490
ATMG00513	ATCG00520
ATMG00513	ATCG00300
ATMG00580	ATCG00470
ATMG00580	ATCG00120
ATMG00580	ATCG00480
ATMG00580	ATCG00140
ATMG00580	ATCG00150
ATMG00580	ATCG00130
ATMG00580	ATCG00860
ATMG00580	ATCG01280
ATMG00580	ATCG01040
ATMG00580	ATCG01060
ATMG00580	ATCG01110
ATMG00580	ATCG01100
ATMG00580	ATCG00420
ATMG00580	ATCG00440
ATMG00580	ATCG01080
ATMG00580	ATCG01010
ATMG00580	ATCG01070
ATMG00580	ATCG01090
ATMG00580	ATCG00600
ATMG00580	ATCG00540
ATMG00580	ATCG00720
ATMG00580	ATCG00730
ATMG00580	ATCG00360
ATMG00580	ATCG00340
ATMG00580	ATCG00350
ATMG00580	ATCG00020
ATMG00580	ATCG00680
ATMG00580	ATCG00280
ATMG00580	ATCG00270
ATMG00580	ATCG00580
ATMG00580	ATCG00570
ATMG00580	ATCG00430
ATMG00580	ATCG00710
ATMG00580	ATCG00080
ATMG00580	ATCG00550
ATMG00580	ATCG00070
ATMG00580	ATCG00560
ATMG00580	ATCG00220
ATMG00580	ATCG00700
ATMG00580	ATCG00690
ATMG00580	ATCG00510
ATMG00580	ATCG00630
ATMG00580	ATCG00490
ATMG00580	ATCG00520
ATMG00580	ATCG00300
ATMG00650	ATCG00470
ATMG00650	ATCG00120
ATMG00650	ATCG00480
ATMG00650	ATCG00140
ATMG00650	ATCG00150
ATMG00650	ATCG00130
ATMG00650	ATCG00860
ATMG00650	ATCG01280
ATMG00650	ATCG01040
ATMG00650	ATCG01060
ATMG00650	ATCG01110
ATMG00650	ATCG01100
ATMG00650	ATCG00420
ATMG00650	ATCG00440
ATMG00650	ATCG01080
ATMG00650	ATCG01010
ATMG00650	ATCG01070
ATMG00650	ATCG01090
ATMG00650	ATCG00600
ATMG00650	ATCG00540
ATMG00650	ATCG00720
ATMG00650	ATCG00730
ATMG00650	ATCG00360
ATMG00650	ATCG00340
ATMG00650	ATCG00350
ATMG00650	ATCG00020
ATMG00650	ATCG00680
ATMG00650	ATCG00280
ATMG00650	ATCG00270
ATMG00650	ATCG00580
ATMG00650	ATCG00570
ATMG00650	ATCG00430
ATMG00650	ATCG00710
ATMG00650	ATCG00080
ATMG00650	ATCG00550
ATMG00650	ATCG00070
ATMG00650	ATCG00560
ATMG00650	ATCG00220
ATMG00650	ATCG00700
ATMG00650	ATCG00690
ATMG00650	ATCG00510
ATMG00650	ATCG00630
ATMG00650	ATCG00490
ATMG00650	ATCG00520
ATMG00650	ATCG00300
ATMG00060	ATCG00470
ATMG00060	ATCG00120
ATMG00060	ATCG00480
ATMG00060	ATCG00140
ATMG00060	ATCG00150
ATMG00060	ATCG00130
ATMG00060	ATCG00860
ATMG00060	ATCG01280
ATMG00060	ATCG01040
ATMG00060	ATCG01060
ATMG00060	ATCG01110
ATMG00060	ATCG01100
ATMG00060	ATCG00420
ATMG00060	ATCG00440
ATMG00060	ATCG01080
ATMG00060	ATCG01010
ATMG00060	ATCG01070
ATMG00060	ATCG01090
ATMG00060	ATCG00600
ATMG00060	ATCG00540
ATMG00060	ATCG00720
ATMG00060	ATCG00730
ATMG00060	ATCG00360
ATMG00060	ATCG00340
ATMG00060	ATCG00350
ATMG00060	ATCG00020
ATMG00060	ATCG00680
ATMG00060	ATCG00280
ATMG00060	ATCG00270
ATMG00060	ATCG00580
ATMG00060	ATCG00570
ATMG00060	ATCG00430
ATMG00060	ATCG00710
ATMG00060	ATCG00080
ATMG00060	ATCG00550
ATMG00060	ATCG00070
ATMG00060	ATCG00560
ATMG00060	ATCG00220
ATMG00060	ATCG00700
ATMG00060	ATCG00690
ATMG00060	ATCG00510
ATMG00060	ATCG00630
ATMG00060	ATCG00490
ATMG00060	ATCG00520
ATMG00060	ATCG00300
ATMG00510	ATCG00470
ATMG00510	ATCG00120
ATMG00510	ATCG00480
ATMG00510	ATCG00140
ATMG00510	ATCG00150
ATMG00510	ATCG00130
ATMG00510	ATCG00860
ATMG00510	ATCG01280
ATMG00510	ATCG01040
ATMG00510	ATCG01060
ATMG00510	ATCG01110
ATMG00510	ATCG01100
ATMG00510	ATCG00420
ATMG00510	ATCG00440
ATMG00510	ATCG01080
ATMG00510	ATCG01010
ATMG00510	ATCG01070
ATMG00510	ATCG01090
ATMG00510	ATCG00600
ATMG00510	ATCG00540
ATMG00510	ATCG00720
ATMG00510	ATCG00730
ATMG00510	ATCG00360
ATMG00510	ATCG00340
ATMG00510	ATCG00350
ATMG00510	ATCG00020
ATMG00510	ATCG00680
ATMG00510	ATCG00280
ATMG00510	ATCG00270
ATMG00510	ATCG00580
ATMG00510	ATCG00570
ATMG00510	ATCG00430
ATMG00510	ATCG00710
ATMG00510	ATCG00080
ATMG00510	ATCG00550
ATMG00510	ATCG00070
ATMG00510	ATCG00560
ATMG00510	ATCG00220
ATMG00510	ATCG00700
ATMG00510	ATCG00690
ATMG00510	ATCG00510
ATMG00510	ATCG00630
ATMG00510	ATCG00490
ATMG00510	ATCG00520
ATMG00510	ATCG00300
ATMG00070	ATCG00470
ATMG00070	ATCG00120
ATMG00070	ATCG00480
ATMG00070	ATCG00140
ATMG00070	ATCG00150
ATMG00070	ATCG00130
ATMG00070	ATCG00860
ATMG00070	ATCG01280
ATMG00070	ATCG01040
ATMG00070	ATCG01060
ATMG00070	ATCG01110
ATMG00070	ATCG01100
ATMG00070	ATCG00420
ATMG00070	ATCG00440
ATMG00070	ATCG01080
ATMG00070	ATCG01010
ATMG00070	ATCG01070
ATMG00070	ATCG01090
ATMG00070	ATCG00600
ATMG00070	ATCG00540
ATMG00070	ATCG00720
ATMG00070	ATCG00730
ATMG00070	ATCG00360
ATMG00070	ATCG00340
ATMG00070	ATCG00350
ATMG00070	ATCG00020
ATMG00070	ATCG00680
ATMG00070	ATCG00280
ATMG00070	ATCG00270
ATMG00070	ATCG00580
ATMG00070	ATCG00570
ATMG00070	ATCG00430
ATMG00070	ATCG00710
ATMG00070	ATCG00080
ATMG00070	ATCG00550
ATMG00070	ATCG00070
ATMG00070	ATCG00560
ATMG00070	ATCG00220
ATMG00070	ATCG00700
ATMG00070	ATCG00690
ATMG00070	ATCG00510
ATMG00070	ATCG00630
ATMG00070	ATCG00490
ATMG00070	ATCG00520
ATMG00070	ATCG00300
ATMG00140	ATCG00470
ATMG00140	ATCG00120
ATMG00140	ATCG00480
ATMG00140	ATCG00140
ATMG00140	ATCG00150
ATMG00140	ATCG00130
ATMG00140	ATCG00860
ATMG00140	ATCG01280
ATMG00140	ATCG01040
ATMG00140	ATCG01060
ATMG00140	ATCG01110
ATMG00140	ATCG01100
ATMG00140	ATCG00420
ATMG00140	ATCG00440
ATMG00140	ATCG01080
ATMG00140	ATCG01010
ATMG00140	ATCG01070
ATMG00140	ATCG01090
ATMG00140	ATCG00600
ATMG00140	ATCG00540
ATMG00140	ATCG00720
ATMG00140	ATCG00730
ATMG00140	ATCG00360
ATMG00140	ATCG00340
ATMG00140	ATCG00350
ATMG00140	ATCG00020
ATMG00140	ATCG00680
ATMG00140	ATCG00280
ATMG00140	ATCG00270
ATMG00140	ATCG00580
ATMG00140	ATCG00570
ATMG00140	ATCG00430
ATMG00140	ATCG00710
ATMG00140	ATCG00080
ATMG00140	ATCG00550
ATMG00140	ATCG00070
ATMG00140	ATCG00560
ATMG00140	ATCG00220
ATMG00140	ATCG00700
ATMG00140	ATCG00690
ATMG00140	ATCG00510
ATMG00140	ATCG00630
ATMG00140	ATCG00490
ATMG00140	ATCG00520
ATMG00140	ATCG00300
ATMG00150	ATCG00470
ATMG00150	ATCG00120
ATMG00150	ATCG00480
ATMG00150	ATCG00140
ATMG00150	ATCG00150
ATMG00150	ATCG00130
ATMG00150	ATCG00860
ATMG00150	ATCG01280
ATMG00150	ATCG01040
ATMG00150	ATCG01060
ATMG00150	ATCG01110
ATMG00150	ATCG01100
ATMG00150	ATCG00420
ATMG00150	ATCG00440
ATMG00150	ATCG01080
ATMG00150	ATCG01010
ATMG00150	ATCG01070
ATMG00150	ATCG01090
ATMG00150	ATCG00600
ATMG00150	ATCG00540
ATMG00150	ATCG00720
ATMG00150	ATCG00730
ATMG00150	ATCG00360
ATMG00150	ATCG00340
ATMG00150	ATCG00350
ATMG00150	ATCG00020
ATMG00150	ATCG00680
ATMG00150	ATCG00280
ATMG00150	ATCG00270
ATMG00150	ATCG00580
ATMG00150	ATCG00570
ATMG00150	ATCG00430
ATMG00150	ATCG00710
ATMG00150	ATCG00080
ATMG00150	ATCG00550
ATMG00150	ATCG00070
ATMG00150	ATCG00560
ATMG00150	ATCG00220
ATMG00150	ATCG00700
ATMG00150	ATCG00690
ATMG00150	ATCG00510
ATMG00150	ATCG00630
ATMG00150	ATCG00490
ATMG00150	ATCG00520
ATMG00150	ATCG00300
ATMG00670	ATCG00470
ATMG00670	ATCG00120
ATMG00670	ATCG00480
ATMG00670	ATCG00140
ATMG00670	ATCG00150
ATMG00670	ATCG00130
ATMG00670	ATCG00860
ATMG00670	ATCG01280
ATMG00670	ATCG01040
ATMG00670	ATCG01060
ATMG00670	ATCG01110
ATMG00670	ATCG01100
ATMG00670	ATCG00420
ATMG00670	ATCG00440
ATMG00670	ATCG01080
ATMG00670	ATCG01010
ATMG00670	ATCG01070
ATMG00670	ATCG01090
ATMG00670	ATCG00600
ATMG00670	ATCG00540
ATMG00670	ATCG00720
ATMG00670	ATCG00730
ATMG00670	ATCG00360
ATMG00670	ATCG00340
ATMG00670	ATCG00350
ATMG00670	ATCG00020
ATMG00670	ATCG00680
ATMG00670	ATCG00280
ATMG00670	ATCG00270
ATMG00670	ATCG00580
ATMG00670	ATCG00570
ATMG00670	ATCG00430
ATMG00670	ATCG00710
ATMG00670	ATCG00080
ATMG00670	ATCG00550
ATMG00670	ATCG00070
ATMG00670	ATCG00560
ATMG00670	ATCG00220
ATMG00670	ATCG00700
ATMG00670	ATCG00690
ATMG00670	ATCG00510
ATMG00670	ATCG00630
ATMG00670	ATCG00490
ATMG00670	ATCG00520
ATMG00670	ATCG00300
ATMG00680	ATCG00470
ATMG00680	ATCG00120
ATMG00680	ATCG00480
ATMG00680	ATCG00140
ATMG00680	ATCG00150
ATMG00680	ATCG00130
ATMG00680	ATCG00860
ATMG00680	ATCG01280
ATMG00680	ATCG01040
ATMG00680	ATCG01060
ATMG00680	ATCG01110
ATMG00680	ATCG01100
ATMG00680	ATCG00420
ATMG00680	ATCG00440
ATMG00680	ATCG01080
ATMG00680	ATCG01010
ATMG00680	ATCG01070
ATMG00680	ATCG01090
ATMG00680	ATCG00600
ATMG00680	ATCG00540
ATMG00680	ATCG00720
ATMG00680	ATCG00730
ATMG00680	ATCG00360
ATMG00680	ATCG00340
ATMG00680	ATCG00350
ATMG00680	ATCG00020
ATMG00680	ATCG00680
ATMG00680	ATCG00280
ATMG00680	ATCG00270
ATMG00680	ATCG00580
ATMG00680	ATCG00570
ATMG00680	ATCG00430
ATMG00680	ATCG00710
ATMG00680	ATCG00080
ATMG00680	ATCG00550
ATMG00680	ATCG00070
ATMG00680	ATCG00560
ATMG00680	ATCG00220
ATMG00680	ATCG00700
ATMG00680	ATCG00690
ATMG00680	ATCG00510
ATMG00680	ATCG00630
ATMG00680	ATCG00490
ATMG00680	ATCG00520
ATMG00680	ATCG00300
ATMG01020	ATCG00470
ATMG01020	ATCG00120
ATMG01020	ATCG00480
ATMG01020	ATCG00140
ATMG01020	ATCG00150
ATMG01020	ATCG00130
ATMG01020	ATCG00860
ATMG01020	ATCG01280
ATMG01020	ATCG01040
ATMG01020	ATCG01060
ATMG01020	ATCG01110
ATMG01020	ATCG01100
ATMG01020	ATCG00420
ATMG01020	ATCG00440
ATMG01020	ATCG01080
ATMG01020	ATCG01010
ATMG01020	ATCG01070
ATMG01020	ATCG01090
ATMG01020	ATCG00600
ATMG01020	ATCG00540
ATMG01020	ATCG00720
ATMG01020	ATCG00730
ATMG01020	ATCG00360
ATMG01020	ATCG00340
ATMG01020	ATCG00350
ATMG01020	ATCG00020
ATMG01020	ATCG00680
ATMG01020	ATCG00280
ATMG01020	ATCG00270
ATMG01020	ATCG00580
ATMG01020	ATCG00570
ATMG01020	ATCG00430
ATMG01020	ATCG00710
ATMG01020	ATCG00080
ATMG01020	ATCG00550
ATMG01020	ATCG00070
ATMG01020	ATCG00560
ATMG01020	ATCG00220
ATMG01020	ATCG00700
ATMG01020	ATCG00690
ATMG01020	ATCG00510
ATMG01020	ATCG00630
ATMG01020	ATCG00490
ATMG01020	ATCG00520
ATMG01020	ATCG00300
ATMG01230	ATCG00470
ATMG01230	ATCG00120
ATMG01230	ATCG00480
ATMG01230	ATCG00140
ATMG01230	ATCG00150
ATMG01230	ATCG00130
ATMG01230	ATCG00860
ATMG01230	ATCG01280
ATMG01230	ATCG01040
ATMG01230	ATCG01060
ATMG01230	ATCG01110
ATMG01230	ATCG01100
ATMG01230	ATCG00420
ATMG01230	ATCG00440
ATMG01230	ATCG01080
ATMG01230	ATCG01010
ATMG01230	ATCG01070
ATMG01230	ATCG01090
ATMG01230	ATCG00600
ATMG01230	ATCG00540
ATMG01230	ATCG00720
ATMG01230	ATCG00730
ATMG01230	ATCG00360
ATMG01230	ATCG00340
ATMG01230	ATCG00350
ATMG01230	ATCG00020
ATMG01230	ATCG00680
ATMG01230	ATCG00280
ATMG01230	ATCG00270
ATMG01230	ATCG00580
ATMG01230	ATCG00570
ATMG01230	ATCG00430
ATMG01230	ATCG00710
ATMG01230	ATCG00080
ATMG01230	ATCG00550
ATMG01230	ATCG00070
ATMG01230	ATCG00560
ATMG01230	ATCG00220
ATMG01230	ATCG00700
ATMG01230	ATCG00690
ATMG01230	ATCG00510
ATMG01230	ATCG00630
ATMG01230	ATCG00490
ATMG01230	ATCG00520
ATMG01230	ATCG00300
ATMG01260	ATCG00470
ATMG01260	ATCG00120
ATMG01260	ATCG00480
ATMG01260	ATCG00140
ATMG01260	ATCG00150
ATMG01260	ATCG00130
ATMG01260	ATCG00860
ATMG01260	ATCG01280
ATMG01260	ATCG01040
ATMG01260	ATCG01060
ATMG01260	ATCG01110
ATMG01260	ATCG01100
ATMG01260	ATCG00420
ATMG01260	ATCG00440
ATMG01260	ATCG01080
ATMG01260	ATCG01010
ATMG01260	ATCG01070
ATMG01260	ATCG01090
ATMG01260	ATCG00600
ATMG01260	ATCG00540
ATMG01260	ATCG00720
ATMG01260	ATCG00730
ATMG01260	ATCG00360
ATMG01260	ATCG00340
ATMG01260	ATCG00350
ATMG01260	ATCG00020
ATMG01260	ATCG00680
ATMG01260	ATCG00280
ATMG01260	ATCG00270
ATMG01260	ATCG00580
ATMG01260	ATCG00570
ATMG01260	ATCG00430
ATMG01260	ATCG00710
ATMG01260	ATCG00080
ATMG01260	ATCG00550
ATMG01260	ATCG00070
ATMG01260	ATCG00560
ATMG01260	ATCG00220
ATMG01260	ATCG00700
ATMG01260	ATCG00690
ATMG01260	ATCG00510
ATMG01260	ATCG00630
ATMG01260	ATCG00490
ATMG01260	ATCG00520
ATMG01260	ATCG00300
ATMG01350	ATCG00470
ATMG01350	ATCG00120
ATMG01350	ATCG00480
ATMG01350	ATCG00140
ATMG01350	ATCG00150
ATMG01350	ATCG00130
ATMG01350	ATCG00860
ATMG01350	ATCG01280
ATMG01350	ATCG01040
ATMG01350	ATCG01060
ATMG01350	ATCG01110
ATMG01350	ATCG01100
ATMG01350	ATCG00420
ATMG01350	ATCG00440
ATMG01350	ATCG01080
ATMG01350	ATCG01010
ATMG01350	ATCG01070
ATMG01350	ATCG01090
ATMG01350	ATCG00600
ATMG01350	ATCG00540
ATMG01350	ATCG00720
ATMG01350	ATCG00730
ATMG01350	ATCG00360
ATMG01350	ATCG00340
ATMG01350	ATCG00350
ATMG01350	ATCG00020
ATMG01350	ATCG00680
ATMG01350	ATCG00280
ATMG01350	ATCG00270
ATMG01350	ATCG00580
ATMG01350	ATCG00570
ATMG01350	ATCG00430
ATMG01350	ATCG00710
ATMG01350	ATCG00080
ATMG01350	ATCG00550
ATMG01350	ATCG00070
ATMG01350	ATCG00560
ATMG01350	ATCG00220
ATMG01350	ATCG00700
ATMG01350	ATCG00690
ATMG01350	ATCG00510
ATMG01350	ATCG00630
ATMG01350	ATCG00490
ATMG01350	ATCG00520
ATMG01350	ATCG00300
ATMG01370	ATCG00470
ATMG01370	ATCG00120
ATMG01370	ATCG00480
ATMG01370	ATCG00140
ATMG01370	ATCG00150
ATMG01370	ATCG00130
ATMG01370	ATCG00860
ATMG01370	ATCG01280
ATMG01370	ATCG01040
ATMG01370	ATCG01060
ATMG01370	ATCG01110
ATMG01370	ATCG01100
ATMG01370	ATCG00420
ATMG01370	ATCG00440
ATMG01370	ATCG01080
ATMG01370	ATCG01010
ATMG01370	ATCG01070
ATMG01370	ATCG01090
ATMG01370	ATCG00600
ATMG01370	ATCG00540
ATMG01370	ATCG00720
ATMG01370	ATCG00730
ATMG01370	ATCG00360
ATMG01370	ATCG00340
ATMG01370	ATCG00350
ATMG01370	ATCG00020
ATMG01370	ATCG00680
ATMG01370	ATCG00280
ATMG01370	ATCG00270
ATMG01370	ATCG00580
ATMG01370	ATCG00570
ATMG01370	ATCG00430
ATMG01370	ATCG00710
ATMG01370	ATCG00080
ATMG01370	ATCG00550
ATMG01370	ATCG00070
ATMG01370	ATCG00560
ATMG01370	ATCG00220
ATMG01370	ATCG00700
ATMG01370	ATCG00690
ATMG01370	ATCG00510
ATMG01370	ATCG00630
ATMG01370	ATCG00490
ATMG01370	ATCG00520
ATMG01370	ATCG00300
