"E-ATMX-34","E-ATMX-34_1"
"E-ATMX-34","E-ATMX-34_4"
"E-ATMX-34","E-ATMX-34_6"
"E-MEXP-1094","E-MEXP-1094_1"
"E-MEXP-1094","E-MEXP-1094_10"
"E-MEXP-1094","E-MEXP-1094_12"
"E-MEXP-1094","E-MEXP-1094_2"
"E-MEXP-1094","E-MEXP-1094_3"
"E-MEXP-1094","E-MEXP-1094_4"
"E-MEXP-1094","E-MEXP-1094_5"
"E-MEXP-1094","E-MEXP-1094_6"
"E-MEXP-1094","E-MEXP-1094_7"
"E-MEXP-1094","E-MEXP-1094_8"
"E-MEXP-1094","E-MEXP-1094_9"
"E-MEXP-173","E-MEXP-173_1"
"E-MEXP-173","E-MEXP-173_2"
"E-MEXP-173","E-MEXP-173_3"
"E-MEXP-173","E-MEXP-173_4"
"E-MEXP-173","E-MEXP-173_7"
"E-MEXP-173","E-MEXP-173_8"
"E-MEXP-173","E-MEXP-173_9"
"E-MEXP-2144","E-MEXP-2144_1"
"E-MEXP-2144","E-MEXP-2144_2"
"E-MEXP-2144","E-MEXP-2144_3"
"E-MEXP-2144","E-MEXP-2144_4"
"E-MEXP-2144","E-MEXP-2144_6"
"E-MEXP-2371","E-MEXP-2371_1"
"E-MEXP-2371","E-MEXP-2371_10"
"E-MEXP-2371","E-MEXP-2371_11"
"E-MEXP-2371","E-MEXP-2371_12"
"E-MEXP-2371","E-MEXP-2371_2"
"E-MEXP-2371","E-MEXP-2371_3"
"E-MEXP-2371","E-MEXP-2371_4"
"E-MEXP-2371","E-MEXP-2371_5"
"E-MEXP-2371","E-MEXP-2371_6"
"E-MEXP-2371","E-MEXP-2371_7"
"E-MEXP-2371","E-MEXP-2371_8"
"E-MEXP-2371","E-MEXP-2371_9"
"E-MEXP-254","E-MEXP-254_1"
"E-MEXP-254","E-MEXP-254_10"
"E-MEXP-254","E-MEXP-254_11"
"E-MEXP-254","E-MEXP-254_12"
"E-MEXP-254","E-MEXP-254_2"
"E-MEXP-254","E-MEXP-254_3"
"E-MEXP-254","E-MEXP-254_4"
"E-MEXP-254","E-MEXP-254_5"
"E-MEXP-254","E-MEXP-254_6"
"E-MEXP-254","E-MEXP-254_7"
"E-MEXP-254","E-MEXP-254_8"
"E-MEXP-254","E-MEXP-254_9"
"E-MEXP-3122","E-MEXP-3122_1"
"E-MEXP-3122","E-MEXP-3122_10"
"E-MEXP-3122","E-MEXP-3122_11"
"E-MEXP-3122","E-MEXP-3122_12"
"E-MEXP-3122","E-MEXP-3122_13"
"E-MEXP-3122","E-MEXP-3122_14"
"E-MEXP-3122","E-MEXP-3122_15"
"E-MEXP-3122","E-MEXP-3122_16"
"E-MEXP-3122","E-MEXP-3122_17"
"E-MEXP-3122","E-MEXP-3122_18"
"E-MEXP-3122","E-MEXP-3122_19"
"E-MEXP-3122","E-MEXP-3122_2"
"E-MEXP-3122","E-MEXP-3122_20"
"E-MEXP-3122","E-MEXP-3122_21"
"E-MEXP-3122","E-MEXP-3122_22"
"E-MEXP-3122","E-MEXP-3122_23"
"E-MEXP-3122","E-MEXP-3122_24"
"E-MEXP-3122","E-MEXP-3122_3"
"E-MEXP-3122","E-MEXP-3122_4"
"E-MEXP-3122","E-MEXP-3122_5"
"E-MEXP-3122","E-MEXP-3122_6"
"E-MEXP-3122","E-MEXP-3122_7"
"E-MEXP-3122","E-MEXP-3122_8"
"E-MEXP-3122","E-MEXP-3122_9"
"E-MEXP-3733","E-MEXP-3733_1"
"E-MEXP-3733","E-MEXP-3733_10"
"E-MEXP-3733","E-MEXP-3733_11"
"E-MEXP-3733","E-MEXP-3733_12"
"E-MEXP-3733","E-MEXP-3733_13"
"E-MEXP-3733","E-MEXP-3733_14"
"E-MEXP-3733","E-MEXP-3733_15"
"E-MEXP-3733","E-MEXP-3733_16"
"E-MEXP-3733","E-MEXP-3733_17"
"E-MEXP-3733","E-MEXP-3733_18"
"E-MEXP-3733","E-MEXP-3733_2"
"E-MEXP-3733","E-MEXP-3733_3"
"E-MEXP-3733","E-MEXP-3733_4"
"E-MEXP-3733","E-MEXP-3733_5"
"E-MEXP-3733","E-MEXP-3733_6"
"E-MEXP-3733","E-MEXP-3733_7"
"E-MEXP-3733","E-MEXP-3733_8"
"E-MEXP-3733","E-MEXP-3733_9"
"E-MEXP-509","E-MEXP-509_1"
"E-MEXP-509","E-MEXP-509_10"
"E-MEXP-509","E-MEXP-509_11"
"E-MEXP-509","E-MEXP-509_12"
"E-MEXP-509","E-MEXP-509_13"
"E-MEXP-509","E-MEXP-509_14"
"E-MEXP-509","E-MEXP-509_15"
"E-MEXP-509","E-MEXP-509_16"
"E-MEXP-509","E-MEXP-509_17"
"E-MEXP-509","E-MEXP-509_19"
"E-MEXP-509","E-MEXP-509_2"
"E-MEXP-509","E-MEXP-509_20"
"E-MEXP-509","E-MEXP-509_21"
"E-MEXP-509","E-MEXP-509_22"
"E-MEXP-509","E-MEXP-509_23"
"E-MEXP-509","E-MEXP-509_24"
"E-MEXP-509","E-MEXP-509_3"
"E-MEXP-509","E-MEXP-509_4"
"E-MEXP-509","E-MEXP-509_5"
"E-MEXP-509","E-MEXP-509_6"
"E-MEXP-509","E-MEXP-509_7"
"E-MEXP-509","E-MEXP-509_8"
"E-MEXP-509","E-MEXP-509_9"
"E-MEXP-546","E-MEXP-546_1"
"E-MEXP-546","E-MEXP-546_10"
"E-MEXP-546","E-MEXP-546_11"
"E-MEXP-546","E-MEXP-546_12"
"E-MEXP-546","E-MEXP-546_14"
"E-MEXP-546","E-MEXP-546_15"
"E-MEXP-546","E-MEXP-546_16"
"E-MEXP-546","E-MEXP-546_17"
"E-MEXP-546","E-MEXP-546_18"
"E-MEXP-546","E-MEXP-546_19"
"E-MEXP-546","E-MEXP-546_2"
"E-MEXP-546","E-MEXP-546_20"
"E-MEXP-546","E-MEXP-546_21"
"E-MEXP-546","E-MEXP-546_3"
"E-MEXP-546","E-MEXP-546_4"
"E-MEXP-546","E-MEXP-546_5"
"E-MEXP-546","E-MEXP-546_6"
"E-MEXP-546","E-MEXP-546_7"
"E-MEXP-546","E-MEXP-546_8"
"E-MEXP-546","E-MEXP-546_9"
"E-MEXP-547","E-MEXP-547_1"
"E-MEXP-547","E-MEXP-547_10"
"E-MEXP-547","E-MEXP-547_11"
"E-MEXP-547","E-MEXP-547_12"
"E-MEXP-547","E-MEXP-547_13"
"E-MEXP-547","E-MEXP-547_14"
"E-MEXP-547","E-MEXP-547_2"
"E-MEXP-547","E-MEXP-547_3"
"E-MEXP-547","E-MEXP-547_4"
"E-MEXP-547","E-MEXP-547_5"
"E-MEXP-547","E-MEXP-547_6"
"E-MEXP-547","E-MEXP-547_7"
"E-MEXP-547","E-MEXP-547_8"
"E-MEXP-547","E-MEXP-547_9"
"E-MEXP-739","E-MEXP-739_1"
"E-MEXP-739","E-MEXP-739_10"
"E-MEXP-739","E-MEXP-739_11"
"E-MEXP-739","E-MEXP-739_12"
"E-MEXP-739","E-MEXP-739_13"
"E-MEXP-739","E-MEXP-739_14"
"E-MEXP-739","E-MEXP-739_15"
"E-MEXP-739","E-MEXP-739_16"
"E-MEXP-739","E-MEXP-739_17"
"E-MEXP-739","E-MEXP-739_18"
"E-MEXP-739","E-MEXP-739_19"
"E-MEXP-739","E-MEXP-739_2"
"E-MEXP-739","E-MEXP-739_20"
"E-MEXP-739","E-MEXP-739_21"
"E-MEXP-739","E-MEXP-739_22"
"E-MEXP-739","E-MEXP-739_23"
"E-MEXP-739","E-MEXP-739_24"
"E-MEXP-739","E-MEXP-739_3"
"E-MEXP-739","E-MEXP-739_4"
"E-MEXP-739","E-MEXP-739_5"
"E-MEXP-739","E-MEXP-739_6"
"E-MEXP-739","E-MEXP-739_8"
"E-MEXP-739","E-MEXP-739_9"
"E-MEXP-81","E-MEXP-81_1"
"E-MEXP-81","E-MEXP-81_2"
"E-MEXP-81","E-MEXP-81_3"
"E-MEXP-81","E-MEXP-81_4"
"E-MEXP-81","E-MEXP-81_5"
"E-MEXP-81","E-MEXP-81_6"
"E-MEXP-81","E-MEXP-81_7"
"E-MEXP-81","E-MEXP-81_8"
"E-MTAB-3400","E-MTAB-3400_1"
"E-MTAB-3400","E-MTAB-3400_10"
"E-MTAB-3400","E-MTAB-3400_11"
"E-MTAB-3400","E-MTAB-3400_12"
"E-MTAB-3400","E-MTAB-3400_13"
"E-MTAB-3400","E-MTAB-3400_14"
"E-MTAB-3400","E-MTAB-3400_15"
"E-MTAB-3400","E-MTAB-3400_16"
"E-MTAB-3400","E-MTAB-3400_17"
"E-MTAB-3400","E-MTAB-3400_18"
"E-MTAB-3400","E-MTAB-3400_19"
"E-MTAB-3400","E-MTAB-3400_2"
"E-MTAB-3400","E-MTAB-3400_20"
"E-MTAB-3400","E-MTAB-3400_21"
"E-MTAB-3400","E-MTAB-3400_22"
"E-MTAB-3400","E-MTAB-3400_23"
"E-MTAB-3400","E-MTAB-3400_24"
"E-MTAB-3400","E-MTAB-3400_3"
"E-MTAB-3400","E-MTAB-3400_4"
"E-MTAB-3400","E-MTAB-3400_5"
"E-MTAB-3400","E-MTAB-3400_6"
"E-MTAB-3400","E-MTAB-3400_7"
"E-MTAB-3400","E-MTAB-3400_8"
"E-MTAB-3400","E-MTAB-3400_9"
"E-MTAB-3402","E-MTAB-3402_1"
"E-MTAB-3402","E-MTAB-3402_10"
"E-MTAB-3402","E-MTAB-3402_11"
"E-MTAB-3402","E-MTAB-3402_12"
"E-MTAB-3402","E-MTAB-3402_13"
"E-MTAB-3402","E-MTAB-3402_14"
"E-MTAB-3402","E-MTAB-3402_15"
"E-MTAB-3402","E-MTAB-3402_16"
"E-MTAB-3402","E-MTAB-3402_2"
"E-MTAB-3402","E-MTAB-3402_3"
"E-MTAB-3402","E-MTAB-3402_4"
"E-MTAB-3402","E-MTAB-3402_5"
"E-MTAB-3402","E-MTAB-3402_6"
"E-MTAB-3402","E-MTAB-3402_7"
"E-MTAB-3402","E-MTAB-3402_8"
"E-MTAB-3402","E-MTAB-3402_9"
"E-MTAB-542","E-MTAB-542_1"
"E-MTAB-542","E-MTAB-542_2"
"E-MTAB-542","E-MTAB-542_3"
"E-MTAB-542","E-MTAB-542_4"
"E-MTAB-542","E-MTAB-542_5"
"E-MTAB-542","E-MTAB-542_6"
"E-MTAB-542","E-MTAB-542_7"
"E-MTAB-542","E-MTAB-542_8"
"E-MTAB-5610","E-MTAB-5610_1"
"E-MTAB-5610","E-MTAB-5610_2"
"E-MTAB-5610","E-MTAB-5610_3"
"E-MTAB-5610","E-MTAB-5610_4"
"E-MTAB-5610","E-MTAB-5610_5"
"E-MTAB-5610","E-MTAB-5610_6"
"E-MTAB-641","E-MTAB-641_1"
"E-MTAB-641","E-MTAB-641_10"
"E-MTAB-641","E-MTAB-641_11"
"E-MTAB-641","E-MTAB-641_12"
"E-MTAB-641","E-MTAB-641_13"
"E-MTAB-641","E-MTAB-641_14"
"E-MTAB-641","E-MTAB-641_15"
"E-MTAB-641","E-MTAB-641_16"
"E-MTAB-641","E-MTAB-641_17"
"E-MTAB-641","E-MTAB-641_18"
"E-MTAB-641","E-MTAB-641_2"
"E-MTAB-641","E-MTAB-641_3"
"E-MTAB-641","E-MTAB-641_4"
"E-MTAB-641","E-MTAB-641_5"
"E-MTAB-641","E-MTAB-641_6"
"E-MTAB-641","E-MTAB-641_7"
"E-MTAB-641","E-MTAB-641_8"
"GSE102754","GSE102754_GSM2746111"
"GSE102754","GSE102754_GSM2746112"
"GSE102754","GSE102754_GSM2746113"
"GSE102754","GSE102754_GSM2746114"
"GSE102754","GSE102754_GSM2746115"
"GSE102754","GSE102754_GSM2746116"
"GSE102754","GSE102754_GSM2746117"
"GSE102754","GSE102754_GSM2746118"
"GSE102754","GSE102754_GSM2746119"
"GSE102754","GSE102754_GSM2746120"
"GSE102754","GSE102754_GSM2746121"
"GSE102754","GSE102754_GSM2746122"
"GSE103117","GSE103117_GSM2753983"
"GSE103117","GSE103117_GSM2753984"
"GSE103117","GSE103117_GSM2753985"
"GSE103117","GSE103117_GSM2753986"
"GSE103117","GSE103117_GSM2753987"
"GSE103117","GSE103117_GSM2753988"
"GSE103117","GSE103117_GSM2753989"
"GSE103117","GSE103117_GSM2753990"
"GSE103117","GSE103117_GSM2753991"
"GSE103117","GSE103117_GSM2753992"
"GSE103117","GSE103117_GSM2753993"
"GSE103117","GSE103117_GSM2753994"
"GSE106322","GSE106322_GSM2835939"
"GSE106322","GSE106322_GSM2835940"
"GSE106322","GSE106322_GSM2835941"
"GSE106322","GSE106322_GSM2835942"
"GSE106322","GSE106322_GSM2835943"
"GSE106322","GSE106322_GSM2835944"
"GSE106322","GSE106322_GSM2835945"
"GSE106322","GSE106322_GSM2835946"
"GSE106322","GSE106322_GSM2835947"
"GSE106322","GSE106322_GSM2835948"
"GSE106322","GSE106322_GSM2835949"
"GSE106322","GSE106322_GSM2835950"
"GSE10801","GSE10801_GSM272107"
"GSE10801","GSE10801_GSM272108"
"GSE10801","GSE10801_GSM272109"
"GSE10801","GSE10801_GSM272110"
"GSE10801","GSE10801_GSM272111"
"GSE10801","GSE10801_GSM272112"
"GSE11807","GSE11807_GSM298418"
"GSE11807","GSE11807_GSM298420"
"GSE11807","GSE11807_GSM298428"
"GSE11807","GSE11807_GSM298470"
"GSE11807","GSE11807_GSM298471"
"GSE11807","GSE11807_GSM298472"
"GSE11807","GSE11807_GSM298473"
"GSE11807","GSE11807_GSM298474"
"GSE11807","GSE11807_GSM298475"
"GSE11807","GSE11807_GSM298476"
"GSE11807","GSE11807_GSM298479"
"GSE11807","GSE11807_GSM298481"
"GSE11807","GSE11807_GSM298482"
"GSE11807","GSE11807_GSM298486"
"GSE11807","GSE11807_GSM298488"
"GSE11807","GSE11807_GSM298490"
"GSE11807","GSE11807_GSM298493"
"GSE11807","GSE11807_GSM298495"
"GSE11807","GSE11807_GSM298498"
"GSE12856","GSE12856_GSM322545"
"GSE12856","GSE12856_GSM322546"
"GSE12856","GSE12856_GSM322547"
"GSE12856","GSE12856_GSM322548"
"GSE12856","GSE12856_GSM322549"
"GSE12856","GSE12856_GSM322550"
"GSE12856","GSE12856_GSM322551"
"GSE12856","GSE12856_GSM322552"
"GSE12856","GSE12856_GSM322553"
"GSE12856","GSE12856_GSM322554"
"GSE12856","GSE12856_GSM322555"
"GSE12856","GSE12856_GSM322556"
"GSE13739","GSE13739_GSM345297"
"GSE13739","GSE13739_GSM345298"
"GSE13739","GSE13739_GSM345299"
"GSE13739","GSE13739_GSM345300"
"GSE13739","GSE13739_GSM345301"
"GSE13739","GSE13739_GSM345302"
"GSE13739","GSE13739_GSM345303"
"GSE13739","GSE13739_GSM345304"
"GSE13739","GSE13739_GSM345305"
"GSE13739","GSE13739_GSM345306"
"GSE13739","GSE13739_GSM345307"
"GSE13739","GSE13739_GSM345308"
"GSE13739","GSE13739_GSM345309"
"GSE13739","GSE13739_GSM345310"
"GSE13739","GSE13739_GSM345311"
"GSE13739","GSE13739_GSM345312"
"GSE13739","GSE13739_GSM345313"
"GSE13739","GSE13739_GSM345314"
"GSE13739","GSE13739_GSM345315"
"GSE13739","GSE13739_GSM345316"
"GSE13739","GSE13739_GSM345317"
"GSE13739","GSE13739_GSM345318"
"GSE13739","GSE13739_GSM345319"
"GSE13739","GSE13739_GSM345320"
"GSE13739","GSE13739_GSM345321"
"GSE13739","GSE13739_GSM345322"
"GSE13739","GSE13739_GSM345323"
"GSE13739","GSE13739_GSM345324"
"GSE13739","GSE13739_GSM345325"
"GSE13739","GSE13739_GSM345326"
"GSE13739","GSE13739_GSM345327"
"GSE13739","GSE13739_GSM345328"
"GSE13739","GSE13739_GSM345329"
"GSE13739","GSE13739_GSM345330"
"GSE13739","GSE13739_GSM345331"
"GSE13739","GSE13739_GSM345332"
"GSE13739","GSE13739_GSM345333"
"GSE13739","GSE13739_GSM345334"
"GSE13739","GSE13739_GSM345335"
"GSE13739","GSE13739_GSM345336"
"GSE13739","GSE13739_GSM345337"
"GSE13739","GSE13739_GSM345338"
"GSE13739","GSE13739_GSM345339"
"GSE13739","GSE13739_GSM345340"
"GSE13739","GSE13739_GSM345341"
"GSE13739","GSE13739_GSM345342"
"GSE13739","GSE13739_GSM345343"
"GSE13739","GSE13739_GSM345344"
"GSE13739","GSE13739_GSM345345"
"GSE13739","GSE13739_GSM345346"
"GSE13739","GSE13739_GSM345347"
"GSE13739","GSE13739_GSM345348"
"GSE13739","GSE13739_GSM345349"
"GSE13739","GSE13739_GSM345350"
"GSE13739","GSE13739_GSM345351"
"GSE13739","GSE13739_GSM345352"
"GSE13803","GSE13803_GSM347109"
"GSE13803","GSE13803_GSM347110"
"GSE13803","GSE13803_GSM347111"
"GSE13803","GSE13803_GSM347112"
"GSE13803","GSE13803_GSM347113"
"GSE13803","GSE13803_GSM347114"
"GSE13803","GSE13803_GSM347116"
"GSE13803","GSE13803_GSM347117"
"GSE13803","GSE13803_GSM347118"
"GSE13803","GSE13803_GSM347119"
"GSE13803","GSE13803_GSM347120"
"GSE13833","GSE13833_GSM347944"
"GSE13833","GSE13833_GSM347945"
"GSE13833","GSE13833_GSM347946"
"GSE13833","GSE13833_GSM347957"
"GSE13833","GSE13833_GSM347958"
"GSE13833","GSE13833_GSM347959"
"GSE13833","GSE13833_GSM347960"
"GSE13833","GSE13833_GSM347961"
"GSE13833","GSE13833_GSM347962"
"GSE13833","GSE13833_GSM347963"
"GSE13833","GSE13833_GSM347964"
"GSE13833","GSE13833_GSM347966"
"GSE13833","GSE13833_GSM347967"
"GSE13833","GSE13833_GSM347983"
"GSE13833","GSE13833_GSM347984"
"GSE13833","GSE13833_GSM347985"
"GSE13833","GSE13833_GSM347987"
"GSE13833","GSE13833_GSM347988"
"GSE13833","GSE13833_GSM347989"
"GSE13833","GSE13833_GSM347990"
"GSE13833","GSE13833_GSM347992"
"GSE13833","GSE13833_GSM347993"
"GSE13833","GSE13833_GSM347995"
"GSE13895","GSE13895_GSM349870"
"GSE13895","GSE13895_GSM349871"
"GSE13895","GSE13895_GSM349872"
"GSE13895","GSE13895_GSM349881"
"GSE13895","GSE13895_GSM349882"
"GSE13895","GSE13895_GSM349883"
"GSE13895","GSE13895_GSM349892"
"GSE13895","GSE13895_GSM349911"
"GSE14332","GSE14332_GSM358337"
"GSE14332","GSE14332_GSM358338"
"GSE14332","GSE14332_GSM358340"
"GSE15236","GSE15236_GSM380433"
"GSE15236","GSE15236_GSM380434"
"GSE15236","GSE15236_GSM380435"
"GSE15236","GSE15236_GSM380436"
"GSE15236","GSE15236_GSM380437"
"GSE15236","GSE15236_GSM380438"
"GSE15236","GSE15236_GSM380439"
"GSE15236","GSE15236_GSM380440"
"GSE15236","GSE15236_GSM380441"
"GSE15236","GSE15236_GSM380442"
"GSE15236","GSE15236_GSM380443"
"GSE15236","GSE15236_GSM380444"
"GSE15236","GSE15236_GSM380445"
"GSE15236","GSE15236_GSM380446"
"GSE15236","GSE15236_GSM380447"
"GSE15236","GSE15236_GSM380448"
"GSE15680","GSE15680_GSM392491"
"GSE15680","GSE15680_GSM392494"
"GSE15680","GSE15680_GSM392495"
"GSE15680","GSE15680_GSM392496"
"GSE15680","GSE15680_GSM392497"
"GSE15680","GSE15680_GSM392498"
"GSE15680","GSE15680_GSM392503"
"GSE16472","GSE16472_GSM413942"
"GSE16472","GSE16472_GSM413943"
"GSE16472","GSE16472_GSM413944"
"GSE16472","GSE16472_GSM413945"
"GSE16472","GSE16472_GSM413946"
"GSE16472","GSE16472_GSM413947"
"GSE16497","GSE16497_GSM414632"
"GSE16497","GSE16497_GSM414633"
"GSE16497","GSE16497_GSM414634"
"GSE16497","GSE16497_GSM414635"
"GSE16497","GSE16497_GSM414636"
"GSE16497","GSE16497_GSM414637"
"GSE17193","GSE17193_GSM429956"
"GSE17193","GSE17193_GSM429961"
"GSE17193","GSE17193_GSM429980"
"GSE17193","GSE17193_GSM429981"
"GSE17382","GSE17382_GSM434381"
"GSE17382","GSE17382_GSM434382"
"GSE17382","GSE17382_GSM434383"
"GSE17382","GSE17382_GSM434384"
"GSE17382","GSE17382_GSM434385"
"GSE17382","GSE17382_GSM434386"
"GSE17464","GSE17464_GSM435673"
"GSE17464","GSE17464_GSM435674"
"GSE17464","GSE17464_GSM435675"
"GSE17464","GSE17464_GSM435676"
"GSE17464","GSE17464_GSM435677"
"GSE17464","GSE17464_GSM435678"
"GSE17464","GSE17464_GSM435679"
"GSE17464","GSE17464_GSM435680"
"GSE17464","GSE17464_GSM435681"
"GSE17464","GSE17464_GSM435682"
"GSE17464","GSE17464_GSM435683"
"GSE17464","GSE17464_GSM435684"
"GSE17464","GSE17464_GSM435685"
"GSE17464","GSE17464_GSM435686"
"GSE17464","GSE17464_GSM435687"
"GSE17464","GSE17464_GSM435688"
"GSE17464","GSE17464_GSM435689"
"GSE17464","GSE17464_GSM435690"
"GSE17464","GSE17464_GSM435691"
"GSE17464","GSE17464_GSM435692"
"GSE17464","GSE17464_GSM435693"
"GSE17464","GSE17464_GSM435694"
"GSE17464","GSE17464_GSM435695"
"GSE17464","GSE17464_GSM435696"
"GSE17464","GSE17464_GSM435697"
"GSE17464","GSE17464_GSM435698"
"GSE17464","GSE17464_GSM435699"
"GSE17464","GSE17464_GSM435700"
"GSE17464","GSE17464_GSM435701"
"GSE17464","GSE17464_GSM435702"
"GSE17464","GSE17464_GSM435703"
"GSE17464","GSE17464_GSM435704"
"GSE17464","GSE17464_GSM435705"
"GSE17464","GSE17464_GSM435706"
"GSE17464","GSE17464_GSM435707"
"GSE17464","GSE17464_GSM435708"
"GSE17464","GSE17464_GSM435709"
"GSE17464","GSE17464_GSM435710"
"GSE17464","GSE17464_GSM435711"
"GSE17464","GSE17464_GSM435712"
"GSE17464","GSE17464_GSM435713"
"GSE17464","GSE17464_GSM435714"
"GSE17464","GSE17464_GSM435715"
"GSE17464","GSE17464_GSM435716"
"GSE17464","GSE17464_GSM435717"
"GSE17464","GSE17464_GSM435718"
"GSE17464","GSE17464_GSM435719"
"GSE17464","GSE17464_GSM435720"
"GSE17464","GSE17464_GSM435721"
"GSE17464","GSE17464_GSM435722"
"GSE17464","GSE17464_GSM435723"
"GSE17464","GSE17464_GSM435724"
"GSE17464","GSE17464_GSM435725"
"GSE17464","GSE17464_GSM435726"
"GSE17464","GSE17464_GSM435727"
"GSE17464","GSE17464_GSM435728"
"GSE17464","GSE17464_GSM435729"
"GSE17464","GSE17464_GSM435730"
"GSE17464","GSE17464_GSM435731"
"GSE17464","GSE17464_GSM435732"
"GSE17464","GSE17464_GSM435733"
"GSE17464","GSE17464_GSM435734"
"GSE17464","GSE17464_GSM435735"
"GSE17464","GSE17464_GSM435736"
"GSE17464","GSE17464_GSM435737"
"GSE17464","GSE17464_GSM435738"
"GSE17464","GSE17464_GSM435739"
"GSE17464","GSE17464_GSM435740"
"GSE17464","GSE17464_GSM435741"
"GSE17464","GSE17464_GSM435742"
"GSE17464","GSE17464_GSM435743"
"GSE17464","GSE17464_GSM435744"
"GSE17464","GSE17464_GSM435745"
"GSE17464","GSE17464_GSM435746"
"GSE17464","GSE17464_GSM435747"
"GSE17464","GSE17464_GSM435748"
"GSE17464","GSE17464_GSM435749"
"GSE17464","GSE17464_GSM435750"
"GSE17464","GSE17464_GSM435751"
"GSE17464","GSE17464_GSM435752"
"GSE17464","GSE17464_GSM435753"
"GSE17464","GSE17464_GSM435754"
"GSE17464","GSE17464_GSM435755"
"GSE17464","GSE17464_GSM435756"
"GSE17464","GSE17464_GSM435757"
"GSE17464","GSE17464_GSM435758"
"GSE17464","GSE17464_GSM435759"
"GSE17464","GSE17464_GSM435760"
"GSE17464","GSE17464_GSM435761"
"GSE17464","GSE17464_GSM435762"
"GSE17464","GSE17464_GSM435763"
"GSE17464","GSE17464_GSM435764"
"GSE17464","GSE17464_GSM435765"
"GSE17464","GSE17464_GSM435767"
"GSE17464","GSE17464_GSM435768"
"GSE17464","GSE17464_GSM435769"
"GSE17464","GSE17464_GSM435770"
"GSE17464","GSE17464_GSM435771"
"GSE17479","GSE17479_GSM435933"
"GSE17479","GSE17479_GSM435934"
"GSE17479","GSE17479_GSM435935"
"GSE17479","GSE17479_GSM435936"
"GSE17479","GSE17479_GSM435937"
"GSE17479","GSE17479_GSM435938"
"GSE17479","GSE17479_GSM435939"
"GSE17479","GSE17479_GSM435940"
"GSE17479","GSE17479_GSM435941"
"GSE17479","GSE17479_GSM435942"
"GSE17479","GSE17479_GSM435943"
"GSE17479","GSE17479_GSM435944"
"GSE17479","GSE17479_GSM435945"
"GSE17479","GSE17479_GSM435946"
"GSE17479","GSE17479_GSM435947"
"GSE17479","GSE17479_GSM435949"
"GSE17479","GSE17479_GSM435951"
"GSE17479","GSE17479_GSM435952"
"GSE17479","GSE17479_GSM435953"
"GSE17479","GSE17479_GSM435954"
"GSE17479","GSE17479_GSM435955"
"GSE17479","GSE17479_GSM435956"
"GSE17479","GSE17479_GSM435957"
"GSE17479","GSE17479_GSM435958"
"GSE17479","GSE17479_GSM435959"
"GSE17479","GSE17479_GSM435960"
"GSE17479","GSE17479_GSM435961"
"GSE17479","GSE17479_GSM435962"
"GSE17479","GSE17479_GSM435963"
"GSE17479","GSE17479_GSM435964"
"GSE17479","GSE17479_GSM435965"
"GSE17479","GSE17479_GSM435966"
"GSE17479","GSE17479_GSM435967"
"GSE17479","GSE17479_GSM435968"
"GSE17479","GSE17479_GSM435969"
"GSE17479","GSE17479_GSM435970"
"GSE17479","GSE17479_GSM435971"
"GSE17479","GSE17479_GSM435972"
"GSE17479","GSE17479_GSM435973"
"GSE17479","GSE17479_GSM435974"
"GSE17479","GSE17479_GSM435975"
"GSE17479","GSE17479_GSM435976"
"GSE17479","GSE17479_GSM435977"
"GSE17500","GSE17500_GSM436314"
"GSE17500","GSE17500_GSM436315"
"GSE17500","GSE17500_GSM436316"
"GSE17500","GSE17500_GSM436317"
"GSE17500","GSE17500_GSM436318"
"GSE17500","GSE17500_GSM436319"
"GSE17500","GSE17500_GSM436320"
"GSE17500","GSE17500_GSM436321"
"GSE17500","GSE17500_GSM436322"
"GSE17500","GSE17500_GSM436323"
"GSE17500","GSE17500_GSM436324"
"GSE17500","GSE17500_GSM436325"
"GSE17500","GSE17500_GSM436326"
"GSE17500","GSE17500_GSM436328"
"GSE17500","GSE17500_GSM436329"
"GSE17500","GSE17500_GSM436330"
"GSE17500","GSE17500_GSM436331"
"GSE17875","GSE17875_GSM446537"
"GSE17875","GSE17875_GSM446538"
"GSE17875","GSE17875_GSM446539"
"GSE17875","GSE17875_GSM446540"
"GSE17875","GSE17875_GSM446541"
"GSE17875","GSE17875_GSM446542"
"GSE18329","GSE18329_GSM457641"
"GSE18329","GSE18329_GSM457642"
"GSE18329","GSE18329_GSM457643"
"GSE18329","GSE18329_GSM457644"
"GSE18329","GSE18329_GSM457645"
"GSE18329","GSE18329_GSM457646"
"GSE18329","GSE18329_GSM457647"
"GSE18329","GSE18329_GSM457648"
"GSE18329","GSE18329_GSM457649"
"GSE18329","GSE18329_GSM457650"
"GSE18329","GSE18329_GSM457651"
"GSE18329","GSE18329_GSM457652"
"GSE18329","GSE18329_GSM457653"
"GSE18329","GSE18329_GSM457654"
"GSE18329","GSE18329_GSM457655"
"GSE18329","GSE18329_GSM457656"
"GSE18329","GSE18329_GSM457657"
"GSE18329","GSE18329_GSM457658"
"GSE18960","GSE18960_GSM469413"
"GSE18960","GSE18960_GSM469414"
"GSE18960","GSE18960_GSM469415"
"GSE18960","GSE18960_GSM469416"
"GSE18960","GSE18960_GSM469417"
"GSE18960","GSE18960_GSM469418"
"GSE18978","GSE18978_GSM469757"
"GSE18978","GSE18978_GSM469758"
"GSE18978","GSE18978_GSM469759"
"GSE18978","GSE18978_GSM469760"
"GSE18978","GSE18978_GSM469761"
"GSE18978","GSE18978_GSM469762"
"GSE18978","GSE18978_GSM469763"
"GSE18978","GSE18978_GSM469764"
"GSE18978","GSE18978_GSM469765"
"GSE18978","GSE18978_GSM469766"
"GSE18978","GSE18978_GSM469767"
"GSE18978","GSE18978_GSM469768"
"GSE18978","GSE18978_GSM469769"
"GSE18978","GSE18978_GSM469770"
"GSE18978","GSE18978_GSM469771"
"GSE18978","GSE18978_GSM469772"
"GSE18978","GSE18978_GSM469773"
"GSE18978","GSE18978_GSM469774"
"GSE18978","GSE18978_GSM469775"
"GSE18978","GSE18978_GSM469776"
"GSE18978","GSE18978_GSM469777"
"GSE18978","GSE18978_GSM469778"
"GSE18978","GSE18978_GSM469779"
"GSE18978","GSE18978_GSM469780"
"GSE18979","GSE18979_GSM469781"
"GSE18979","GSE18979_GSM469782"
"GSE18979","GSE18979_GSM469783"
"GSE18979","GSE18979_GSM469784"
"GSE18979","GSE18979_GSM469785"
"GSE18979","GSE18979_GSM469786"
"GSE19109","GSE19109_GSM473654"
"GSE19109","GSE19109_GSM473655"
"GSE19109","GSE19109_GSM473656"
"GSE19109","GSE19109_GSM473657"
"GSE19109","GSE19109_GSM473658"
"GSE19109","GSE19109_GSM473659"
"GSE19109","GSE19109_GSM473660"
"GSE19109","GSE19109_GSM473661"
"GSE19109","GSE19109_GSM473662"
"GSE19109","GSE19109_GSM473663"
"GSE19109","GSE19109_GSM473664"
"GSE19109","GSE19109_GSM473665"
"GSE19255","GSE19255_GSM477828"
"GSE19255","GSE19255_GSM477829"
"GSE19255","GSE19255_GSM477830"
"GSE19255","GSE19255_GSM477831"
"GSE19255","GSE19255_GSM477832"
"GSE19255","GSE19255_GSM477833"
"GSE19255","GSE19255_GSM477834"
"GSE19255","GSE19255_GSM477835"
"GSE19255","GSE19255_GSM477836"
"GSE19255","GSE19255_GSM477837"
"GSE19255","GSE19255_GSM477838"
"GSE19255","GSE19255_GSM477839"
"GSE19255","GSE19255_GSM477840"
"GSE19255","GSE19255_GSM477841"
"GSE19255","GSE19255_GSM477842"
"GSE19255","GSE19255_GSM477843"
"GSE19264","GSE19264_GSM477930"
"GSE19264","GSE19264_GSM477931"
"GSE19264","GSE19264_GSM477932"
"GSE19264","GSE19264_GSM477933"
"GSE19264","GSE19264_GSM477934"
"GSE19264","GSE19264_GSM477935"
"GSE19264","GSE19264_GSM477936"
"GSE19264","GSE19264_GSM477937"
"GSE19264","GSE19264_GSM477938"
"GSE19264","GSE19264_GSM477939"
"GSE19264","GSE19264_GSM477940"
"GSE19264","GSE19264_GSM477941"
"GSE19264","GSE19264_GSM477942"
"GSE19264","GSE19264_GSM477943"
"GSE19264","GSE19264_GSM477944"
"GSE19264","GSE19264_GSM477945"
"GSE19264","GSE19264_GSM477946"
"GSE19264","GSE19264_GSM477947"
"GSE19264","GSE19264_GSM477948"
"GSE19264","GSE19264_GSM477949"
"GSE19264","GSE19264_GSM477951"
"GSE19264","GSE19264_GSM477952"
"GSE19264","GSE19264_GSM477953"
"GSE19264","GSE19264_GSM477954"
"GSE19264","GSE19264_GSM477955"
"GSE19264","GSE19264_GSM477956"
"GSE20188","GSE20188_GSM506415"
"GSE20188","GSE20188_GSM506416"
"GSE20188","GSE20188_GSM506417"
"GSE20188","GSE20188_GSM506418"
"GSE20188","GSE20188_GSM506419"
"GSE20188","GSE20188_GSM506420"
"GSE20188","GSE20188_GSM506421"
"GSE20188","GSE20188_GSM506422"
"GSE20226","GSE20226_GSM507047"
"GSE20226","GSE20226_GSM507048"
"GSE20226","GSE20226_GSM507049"
"GSE20226","GSE20226_GSM507050"
"GSE20226","GSE20226_GSM507051"
"GSE20226","GSE20226_GSM507052"
"GSE20226","GSE20226_GSM507053"
"GSE20226","GSE20226_GSM507054"
"GSE20226","GSE20226_GSM507055"
"GSE20226","GSE20226_GSM507056"
"GSE20278","GSE20278_GSM508436"
"GSE20278","GSE20278_GSM508437"
"GSE20278","GSE20278_GSM508438"
"GSE20278","GSE20278_GSM508439"
"GSE20278","GSE20278_GSM508440"
"GSE20278","GSE20278_GSM508441"
"GSE20278","GSE20278_GSM508442"
"GSE20278","GSE20278_GSM508443"
"GSE20278","GSE20278_GSM508444"
"GSE20278","GSE20278_GSM508445"
"GSE20278","GSE20278_GSM508446"
"GSE20278","GSE20278_GSM508447"
"GSE21076","GSE21076_GSM526897"
"GSE21076","GSE21076_GSM526898"
"GSE21076","GSE21076_GSM526899"
"GSE21076","GSE21076_GSM526900"
"GSE21076","GSE21076_GSM526901"
"GSE21076","GSE21076_GSM526902"
"GSE2169","GSE2169_GSM39191"
"GSE2169","GSE2169_GSM39192"
"GSE2169","GSE2169_GSM39193"
"GSE2169","GSE2169_GSM39194"
"GSE2169","GSE2169_GSM39195"
"GSE2169","GSE2169_GSM39196"
"GSE2169","GSE2169_GSM39197"
"GSE2169","GSE2169_GSM39198"
"GSE2169","GSE2169_GSM39199"
"GSE2169","GSE2169_GSM39200"
"GSE2169","GSE2169_GSM39201"
"GSE2169","GSE2169_GSM39202"
"GSE2169","GSE2169_GSM39203"
"GSE2169","GSE2169_GSM39204"
"GSE2169","GSE2169_GSM39205"
"GSE2169","GSE2169_GSM39206"
"GSE2169","GSE2169_GSM39207"
"GSE2169","GSE2169_GSM39208"
"GSE2169","GSE2169_GSM39209"
"GSE2169","GSE2169_GSM39210"
"GSE2169","GSE2169_GSM39211"
"GSE2169","GSE2169_GSM39212"
"GSE2169","GSE2169_GSM39213"
"GSE2169","GSE2169_GSM39214"
"GSE21920","GSE21920_GSM545363"
"GSE21920","GSE21920_GSM545364"
"GSE21920","GSE21920_GSM545365"
"GSE21920","GSE21920_GSM545366"
"GSE21920","GSE21920_GSM545367"
"GSE21920","GSE21920_GSM545368"
"GSE21920","GSE21920_GSM545369"
"GSE21920","GSE21920_GSM545370"
"GSE21920","GSE21920_GSM545371"
"GSE21920","GSE21920_GSM545372"
"GSE21920","GSE21920_GSM545373"
"GSE21920","GSE21920_GSM545374"
"GSE21920","GSE21920_GSM545375"
"GSE21920","GSE21920_GSM545376"
"GSE21920","GSE21920_GSM545377"
"GSE21920","GSE21920_GSM545378"
"GSE21920","GSE21920_GSM545379"
"GSE21920","GSE21920_GSM545380"
"GSE21920","GSE21920_GSM545381"
"GSE21920","GSE21920_GSM545382"
"GSE21920","GSE21920_GSM545383"
"GSE21920","GSE21920_GSM545384"
"GSE21920","GSE21920_GSM545385"
"GSE21920","GSE21920_GSM545386"
"GSE23617","GSE23617_GSM629872"
"GSE24552","GSE24552_GSM605340"
"GSE24552","GSE24552_GSM605341"
"GSE24552","GSE24552_GSM605342"
"GSE24552","GSE24552_GSM605343"
"GSE24552","GSE24552_GSM605344"
"GSE24552","GSE24552_GSM605345"
"GSE2538","GSE2538_GSM48122"
"GSE2538","GSE2538_GSM48123"
"GSE2538","GSE2538_GSM48124"
"GSE2538","GSE2538_GSM48125"
"GSE2538","GSE2538_GSM48126"
"GSE2538","GSE2538_GSM48127"
"GSE2538","GSE2538_GSM48128"
"GSE2538","GSE2538_GSM48129"
"GSE2538","GSE2538_GSM48130"
"GSE26084","GSE26084_GSM640423"
"GSE26084","GSE26084_GSM640424"
"GSE26084","GSE26084_GSM640425"
"GSE26084","GSE26084_GSM640426"
"GSE26206","GSE26206_GSM643153"
"GSE26206","GSE26206_GSM643154"
"GSE26206","GSE26206_GSM643155"
"GSE26206","GSE26206_GSM643156"
"GSE26206","GSE26206_GSM643158"
"GSE26206","GSE26206_GSM643159"
"GSE26206","GSE26206_GSM643160"
"GSE26206","GSE26206_GSM643161"
"GSE26679","GSE26679_GSM656489"
"GSE26679","GSE26679_GSM656490"
"GSE26679","GSE26679_GSM656491"
"GSE26679","GSE26679_GSM656492"
"GSE26679","GSE26679_GSM656493"
"GSE26679","GSE26679_GSM656494"
"GSE26679","GSE26679_GSM656495"
"GSE26679","GSE26679_GSM656496"
"GSE26679","GSE26679_GSM656497"
"GSE26679","GSE26679_GSM656498"
"GSE26679","GSE26679_GSM656499"
"GSE26679","GSE26679_GSM656500"
"GSE26679","GSE26679_GSM656501"
"GSE26679","GSE26679_GSM656502"
"GSE26679","GSE26679_GSM656503"
"GSE26679","GSE26679_GSM656504"
"GSE26679","GSE26679_GSM656505"
"GSE26679","GSE26679_GSM656506"
"GSE26679","GSE26679_GSM656507"
"GSE26679","GSE26679_GSM656508"
"GSE26679","GSE26679_GSM656509"
"GSE26679","GSE26679_GSM656510"
"GSE26679","GSE26679_GSM656511"
"GSE26679","GSE26679_GSM656512"
"GSE26679","GSE26679_GSM656513"
"GSE26679","GSE26679_GSM656514"
"GSE26679","GSE26679_GSM656515"
"GSE26679","GSE26679_GSM656516"
"GSE26679","GSE26679_GSM656517"
"GSE26679","GSE26679_GSM656518"
"GSE26679","GSE26679_GSM656519"
"GSE26679","GSE26679_GSM656520"
"GSE28062","GSE28062_GSM694047"
"GSE28062","GSE28062_GSM694048"
"GSE28062","GSE28062_GSM694049"
"GSE28062","GSE28062_GSM694050"
"GSE28062","GSE28062_GSM694051"
"GSE28062","GSE28062_GSM694052"
"GSE28062","GSE28062_GSM694053"
"GSE28062","GSE28062_GSM694054"
"GSE28227","GSE28227_GSM698642"
"GSE28227","GSE28227_GSM698643"
"GSE28227","GSE28227_GSM698644"
"GSE28227","GSE28227_GSM698645"
"GSE28227","GSE28227_GSM698646"
"GSE28227","GSE28227_GSM698647"
"GSE28227","GSE28227_GSM698648"
"GSE28227","GSE28227_GSM698649"
"GSE28227","GSE28227_GSM698650"
"GSE28227","GSE28227_GSM698651"
"GSE28227","GSE28227_GSM698652"
"GSE28227","GSE28227_GSM698653"
"GSE36011","GSE36011_GSM879319"
"GSE36011","GSE36011_GSM879320"
"GSE36011","GSE36011_GSM879321"
"GSE36011","GSE36011_GSM879322"
"GSE36011","GSE36011_GSM879323"
"GSE36011","GSE36011_GSM879324"
"GSE36011","GSE36011_GSM879325"
"GSE36011","GSE36011_GSM879326"
"GSE36011","GSE36011_GSM879327"
"GSE36011","GSE36011_GSM879328"
"GSE36011","GSE36011_GSM879329"
"GSE36011","GSE36011_GSM879330"
"GSE36011","GSE36011_GSM879331"
"GSE36011","GSE36011_GSM879332"
"GSE36011","GSE36011_GSM879333"
"GSE36011","GSE36011_GSM879334"
"GSE36011","GSE36011_GSM879335"
"GSE36011","GSE36011_GSM879336"
"GSE37255","GSE37255_GSM914964"
"GSE37255","GSE37255_GSM914965"
"GSE37255","GSE37255_GSM914966"
"GSE37255","GSE37255_GSM914967"
"GSE37255","GSE37255_GSM914968"
"GSE37255","GSE37255_GSM914969"
"GSE37255","GSE37255_GSM914970"
"GSE37255","GSE37255_GSM914971"
"GSE37553","GSE37553_GSM546568"
"GSE37553","GSE37553_GSM546569"
"GSE37553","GSE37553_GSM546570"
"GSE37553","GSE37553_GSM546571"
"GSE37553","GSE37553_GSM546572"
"GSE37553","GSE37553_GSM546573"
"GSE37553","GSE37553_GSM546574"
"GSE37553","GSE37553_GSM546575"
"GSE37553","GSE37553_GSM546576"
"GSE37553","GSE37553_GSM546577"
"GSE37553","GSE37553_GSM921518"
"GSE37553","GSE37553_GSM921519"
"GSE37553","GSE37553_GSM921520"
"GSE37553","GSE37553_GSM921521"
"GSE37553","GSE37553_GSM921522"
"GSE37553","GSE37553_GSM921523"
"GSE37921","GSE37921_GSM929932"
"GSE37921","GSE37921_GSM929933"
"GSE37921","GSE37921_GSM929934"
"GSE37921","GSE37921_GSM929935"
"GSE37921","GSE37921_GSM929936"
"GSE37921","GSE37921_GSM929937"
"GSE37921","GSE37921_GSM929938"
"GSE37921","GSE37921_GSM929939"
"GSE37921","GSE37921_GSM929940"
"GSE38281","GSE38281_GSM937948"
"GSE38281","GSE38281_GSM937949"
"GSE38281","GSE38281_GSM937950"
"GSE38281","GSE38281_GSM937951"
"GSE38281","GSE38281_GSM937952"
"GSE38281","GSE38281_GSM937953"
"GSE38281","GSE38281_GSM937954"
"GSE38281","GSE38281_GSM937955"
"GSE38281","GSE38281_GSM937956"
"GSE40354","GSE40354_GSM991872"
"GSE40354","GSE40354_GSM991873"
"GSE40354","GSE40354_GSM991874"
"GSE40354","GSE40354_GSM991875"
"GSE40354","GSE40354_GSM991876"
"GSE40354","GSE40354_GSM991877"
"GSE40354","GSE40354_GSM991878"
"GSE40354","GSE40354_GSM991879"
"GSE40354","GSE40354_GSM991880"
"GSE40354","GSE40354_GSM991881"
"GSE40354","GSE40354_GSM991882"
"GSE40354","GSE40354_GSM991883"
"GSE40354","GSE40354_GSM991884"
"GSE40354","GSE40354_GSM991885"
"GSE40354","GSE40354_GSM991886"
"GSE40354","GSE40354_GSM991887"
"GSE40354","GSE40354_GSM991888"
"GSE40354","GSE40354_GSM991889"
"GSE40354","GSE40354_GSM991890"
"GSE40354","GSE40354_GSM991891"
"GSE40354","GSE40354_GSM991892"
"GSE40354","GSE40354_GSM991893"
"GSE40354","GSE40354_GSM991894"
"GSE40354","GSE40354_GSM991895"
"GSE40354","GSE40354_GSM991896"
"GSE40354","GSE40354_GSM991897"
"GSE40354","GSE40354_GSM991898"
"GSE40354","GSE40354_GSM991899"
"GSE40354","GSE40354_GSM991900"
"GSE40354","GSE40354_GSM991901"
"GSE40354","GSE40354_GSM991902"
"GSE40354","GSE40354_GSM991903"
"GSE40354","GSE40354_GSM991904"
"GSE40354","GSE40354_GSM991905"
"GSE40354","GSE40354_GSM991906"
"GSE40354","GSE40354_GSM991907"
"GSE40354","GSE40354_GSM991908"
"GSE40354","GSE40354_GSM991909"
"GSE40354","GSE40354_GSM991910"
"GSE40354","GSE40354_GSM991911"
"GSE40354","GSE40354_GSM991912"
"GSE40354","GSE40354_GSM991913"
"GSE40354","GSE40354_GSM991914"
"GSE40354","GSE40354_GSM991915"
"GSE40354","GSE40354_GSM991916"
"GSE40354","GSE40354_GSM991917"
"GSE40354","GSE40354_GSM991918"
"GSE40354","GSE40354_GSM991919"
"GSE40354","GSE40354_GSM991920"
"GSE40354","GSE40354_GSM991921"
"GSE40354","GSE40354_GSM991922"
"GSE40973","GSE40973_GSM1006197"
"GSE40973","GSE40973_GSM1006198"
"GSE40973","GSE40973_GSM1006199"
"GSE40973","GSE40973_GSM1006200"
"GSE40973","GSE40973_GSM1006201"
"GSE40973","GSE40973_GSM1006202"
"GSE40973","GSE40973_GSM1006203"
"GSE40973","GSE40973_GSM1006204"
"GSE41779","GSE41779_GSM1024068"
"GSE41779","GSE41779_GSM1024069"
"GSE41779","GSE41779_GSM1024070"
"GSE41779","GSE41779_GSM1024071"
"GSE41779","GSE41779_GSM1024072"
"GSE41779","GSE41779_GSM1024073"
"GSE41779","GSE41779_GSM1024074"
"GSE41779","GSE41779_GSM1024075"
"GSE41779","GSE41779_GSM1024076"
"GSE41779","GSE41779_GSM1024077"
"GSE41779","GSE41779_GSM1024078"
"GSE41779","GSE41779_GSM1024079"
"GSE431","GSE431_GSM6544"
"GSE431","GSE431_GSM6571"
"GSE431","GSE431_GSM6572"
"GSE431","GSE431_GSM6574"
"GSE431","GSE431_GSM6575"
"GSE431","GSE431_GSM6577"
"GSE431","GSE431_GSM6578"
"GSE431","GSE431_GSM6579"
"GSE431","GSE431_GSM6582"
"GSE431","GSE431_GSM6583"
"GSE45662","GSE45662_GSM1111400"
"GSE45662","GSE45662_GSM1111401"
"GSE45662","GSE45662_GSM1111402"
"GSE45662","GSE45662_GSM1111403"
"GSE45662","GSE45662_GSM1111404"
"GSE45662","GSE45662_GSM1111405"
"GSE45662","GSE45662_GSM1111406"
"GSE45662","GSE45662_GSM1111407"
"GSE45662","GSE45662_GSM1111408"
"GSE45662","GSE45662_GSM1111409"
"GSE47092","GSE47092_GSM1144675"
"GSE47092","GSE47092_GSM1144676"
"GSE47092","GSE47092_GSM1144677"
"GSE47092","GSE47092_GSM1144678"
"GSE47092","GSE47092_GSM1144679"
"GSE47092","GSE47092_GSM1144680"
"GSE47092","GSE47092_GSM1144681"
"GSE47092","GSE47092_GSM1144682"
"GSE47092","GSE47092_GSM1144683"
"GSE50019","GSE50019_GSM1212457"
"GSE50019","GSE50019_GSM1212458"
"GSE50019","GSE50019_GSM1212459"
"GSE50019","GSE50019_GSM1212460"
"GSE50019","GSE50019_GSM1212461"
"GSE50019","GSE50019_GSM1212462"
"GSE50019","GSE50019_GSM1212463"
"GSE50019","GSE50019_GSM1212464"
"GSE50019","GSE50019_GSM1212465"
"GSE50019","GSE50019_GSM1212466"
"GSE50019","GSE50019_GSM1212467"
"GSE50019","GSE50019_GSM1212468"
"GSE50019","GSE50019_GSM1212469"
"GSE50019","GSE50019_GSM1212470"
"GSE50019","GSE50019_GSM1212471"
"GSE50019","GSE50019_GSM1212472"
"GSE50019","GSE50019_GSM1212473"
"GSE50019","GSE50019_GSM1212474"
"GSE50019","GSE50019_GSM1212475"
"GSE50019","GSE50019_GSM1212476"
"GSE50019","GSE50019_GSM1212477"
"GSE50019","GSE50019_GSM1212478"
"GSE50019","GSE50019_GSM1212479"
"GSE50019","GSE50019_GSM1212480"
"GSE50019","GSE50019_GSM1212481"
"GSE50019","GSE50019_GSM1212482"
"GSE50019","GSE50019_GSM1212483"
"GSE50019","GSE50019_GSM1212484"
"GSE50019","GSE50019_GSM1212485"
"GSE50019","GSE50019_GSM1212486"
"GSE50019","GSE50019_GSM1212487"
"GSE50019","GSE50019_GSM1212488"
"GSE50019","GSE50019_GSM1212489"
"GSE50019","GSE50019_GSM1212490"
"GSE50019","GSE50019_GSM1212491"
"GSE50019","GSE50019_GSM1212492"
"GSE50526","GSE50526_GSM1220702"
"GSE50526","GSE50526_GSM1220703"
"GSE50526","GSE50526_GSM1220704"
"GSE50526","GSE50526_GSM1220705"
"GSE50526","GSE50526_GSM1220706"
"GSE50526","GSE50526_GSM1220707"
"GSE50526","GSE50526_GSM1220708"
"GSE50526","GSE50526_GSM1220709"
"GSE50526","GSE50526_GSM1220710"
"GSE50526","GSE50526_GSM1220711"
"GSE50526","GSE50526_GSM1220712"
"GSE50526","GSE50526_GSM1220713"
"GSE50526","GSE50526_GSM1220714"
"GSE50526","GSE50526_GSM1220715"
"GSE50526","GSE50526_GSM1220716"
"GSE50526","GSE50526_GSM1220717"
"GSE50526","GSE50526_GSM1220718"
"GSE50526","GSE50526_GSM1220719"
"GSE50526","GSE50526_GSM1220720"
"GSE50526","GSE50526_GSM1220721"
"GSE50526","GSE50526_GSM1220723"
"GSE50526","GSE50526_GSM1220724"
"GSE50526","GSE50526_GSM1220725"
"GSE50526","GSE50526_GSM1220726"
"GSE50526","GSE50526_GSM1220727"
"GSE50526","GSE50526_GSM1220728"
"GSE50526","GSE50526_GSM1220729"
"GSE50526","GSE50526_GSM1220730"
"GSE53957","GSE53957_GSM1304053"
"GSE53957","GSE53957_GSM1304054"
"GSE53957","GSE53957_GSM1304055"
"GSE53957","GSE53957_GSM1304056"
"GSE53957","GSE53957_GSM1304057"
"GSE53957","GSE53957_GSM1304058"
"GSE53957","GSE53957_GSM1304059"
"GSE53957","GSE53957_GSM1304060"
"GSE53957","GSE53957_GSM1304061"
"GSE53957","GSE53957_GSM1304062"
"GSE53957","GSE53957_GSM1304063"
"GSE53957","GSE53957_GSM1304064"
"GSE53957","GSE53957_GSM1304065"
"GSE53957","GSE53957_GSM1304066"
"GSE53957","GSE53957_GSM1304067"
"GSE53957","GSE53957_GSM1304068"
"GSE53957","GSE53957_GSM1304069"
"GSE53957","GSE53957_GSM1304070"
"GSE5520","GSE5520_GSM128648"
"GSE5520","GSE5520_GSM128649"
"GSE5520","GSE5520_GSM128650"
"GSE5520","GSE5520_GSM128651"
"GSE5520","GSE5520_GSM128652"
"GSE5520","GSE5520_GSM128653"
"GSE5520","GSE5520_GSM128654"
"GSE5520","GSE5520_GSM128655"
"GSE5520","GSE5520_GSM128658"
"GSE5520","GSE5520_GSM128659"
"GSE5520","GSE5520_GSM128660"
"GSE5520","GSE5520_GSM128661"
"GSE5520","GSE5520_GSM128662"
"GSE5520","GSE5520_GSM128663"
"GSE5520","GSE5520_GSM128664"
"GSE5520","GSE5520_GSM128665"
"GSE5520","GSE5520_GSM128666"
"GSE5520","GSE5520_GSM128667"
"GSE5520","GSE5520_GSM128669"
"GSE5520","GSE5520_GSM128670"
"GSE5520","GSE5520_GSM128671"
"GSE5520","GSE5520_GSM128672"
"GSE5520","GSE5520_GSM128673"
"GSE5520","GSE5520_GSM128674"
"GSE5520","GSE5520_GSM128675"
"GSE5520","GSE5520_GSM128676"
"GSE5520","GSE5520_GSM128677"
"GSE5520","GSE5520_GSM128678"
"GSE5520","GSE5520_GSM128679"
"GSE5520","GSE5520_GSM128680"
"GSE5520","GSE5520_GSM128681"
"GSE5520","GSE5520_GSM128682"
"GSE5520","GSE5520_GSM128683"
"GSE5520","GSE5520_GSM128684"
"GSE5520","GSE5520_GSM128686"
"GSE5520","GSE5520_GSM128687"
"GSE5525","GSE5525_GSM128715"
"GSE5525","GSE5525_GSM128716"
"GSE5525","GSE5525_GSM128717"
"GSE5525","GSE5525_GSM128718"
"GSE5525","GSE5525_GSM128719"
"GSE5525","GSE5525_GSM128720"
"GSE5525","GSE5525_GSM128721"
"GSE5525","GSE5525_GSM128722"
"GSE5525","GSE5525_GSM128723"
"GSE5525","GSE5525_GSM128724"
"GSE5525","GSE5525_GSM128725"
"GSE5525","GSE5525_GSM128726"
"GSE5525","GSE5525_GSM128727"
"GSE5525","GSE5525_GSM128728"
"GSE5615","GSE5615_GSM131109"
"GSE5615","GSE5615_GSM131110"
"GSE5615","GSE5615_GSM131111"
"GSE5615","GSE5615_GSM131112"
"GSE5615","GSE5615_GSM131113"
"GSE5615","GSE5615_GSM131114"
"GSE5615","GSE5615_GSM131115"
"GSE5615","GSE5615_GSM131116"
"GSE5615","GSE5615_GSM131117"
"GSE5615","GSE5615_GSM131118"
"GSE5615","GSE5615_GSM131119"
"GSE5615","GSE5615_GSM131120"
"GSE5615","GSE5615_GSM131121"
"GSE5615","GSE5615_GSM131122"
"GSE5615","GSE5615_GSM131123"
"GSE5615","GSE5615_GSM131124"
"GSE5615","GSE5615_GSM131125"
"GSE5615","GSE5615_GSM131126"
"GSE5615","GSE5615_GSM131128"
"GSE5615","GSE5615_GSM131129"
"GSE5615","GSE5615_GSM131130"
"GSE5615","GSE5615_GSM131131"
"GSE5615","GSE5615_GSM131132"
"GSE5615","GSE5615_GSM131133"
"GSE5615","GSE5615_GSM131134"
"GSE5615","GSE5615_GSM131135"
"GSE5615","GSE5615_GSM131136"
"GSE5615","GSE5615_GSM131137"
"GSE5615","GSE5615_GSM131139"
"GSE5615","GSE5615_GSM131144"
"GSE5615","GSE5615_GSM131148"
"GSE5615","GSE5615_GSM131149"
"GSE5615","GSE5615_GSM131150"
"GSE5616","GSE5616_GSM131151"
"GSE5616","GSE5616_GSM131152"
"GSE5616","GSE5616_GSM131153"
"GSE5616","GSE5616_GSM131154"
"GSE5616","GSE5616_GSM131155"
"GSE5616","GSE5616_GSM131156"
"GSE5616","GSE5616_GSM131157"
"GSE5616","GSE5616_GSM131162"
"GSE5616","GSE5616_GSM131163"
"GSE5616","GSE5616_GSM131164"
"GSE5616","GSE5616_GSM131165"
"GSE5616","GSE5616_GSM131166"
"GSE5616","GSE5616_GSM131167"
"GSE5616","GSE5616_GSM131168"
"GSE5627","GSE5627_GSM131411"
"GSE5627","GSE5627_GSM131412"
"GSE5627","GSE5627_GSM131413"
"GSE5627","GSE5627_GSM131414"
"GSE5627","GSE5627_GSM131415"
"GSE5627","GSE5627_GSM131416"
"GSE5627","GSE5627_GSM131417"
"GSE5627","GSE5627_GSM131418"
"GSE5627","GSE5627_GSM131419"
"GSE5627","GSE5627_GSM131420"
"GSE5627","GSE5627_GSM131421"
"GSE5627","GSE5627_GSM131422"
"GSE5627","GSE5627_GSM131423"
"GSE5627","GSE5627_GSM131424"
"GSE5627","GSE5627_GSM131425"
"GSE5627","GSE5627_GSM131426"
"GSE5627","GSE5627_GSM131427"
"GSE5627","GSE5627_GSM131428"
"GSE5627","GSE5627_GSM131429"
"GSE5627","GSE5627_GSM131430"
"GSE5627","GSE5627_GSM131431"
"GSE5627","GSE5627_GSM131432"
"GSE5627","GSE5627_GSM131433"
"GSE5627","GSE5627_GSM131434"
"GSE5627","GSE5627_GSM131435"
"GSE5627","GSE5627_GSM131436"
"GSE5627","GSE5627_GSM131437"
"GSE5627","GSE5627_GSM131438"
"GSE5640","GSE5640_GSM131841"
"GSE5640","GSE5640_GSM131842"
"GSE5684","GSE5684_GSM133025"
"GSE5684","GSE5684_GSM133026"
"GSE5684","GSE5684_GSM133027"
"GSE5684","GSE5684_GSM133028"
"GSE5684","GSE5684_GSM133029"
"GSE5684","GSE5684_GSM133030"
"GSE5684","GSE5684_GSM133031"
"GSE5684","GSE5684_GSM133032"
"GSE5684","GSE5684_GSM133033"
"GSE5684","GSE5684_GSM133034"
"GSE5684","GSE5684_GSM133035"
"GSE5684","GSE5684_GSM133036"
"GSE5685","GSE5685_GSM133037"
"GSE5685","GSE5685_GSM133038"
"GSE5685","GSE5685_GSM133039"
"GSE5685","GSE5685_GSM133040"
"GSE5685","GSE5685_GSM133041"
"GSE5685","GSE5685_GSM133042"
"GSE5685","GSE5685_GSM133043"
"GSE5685","GSE5685_GSM133044"
"GSE5685","GSE5685_GSM133045"
"GSE5685","GSE5685_GSM133046"
"GSE5685","GSE5685_GSM133047"
"GSE5685","GSE5685_GSM133048"
"GSE5685","GSE5685_GSM133049"
"GSE5685","GSE5685_GSM133050"
"GSE5685","GSE5685_GSM133051"
"GSE5685","GSE5685_GSM133052"
"GSE5685","GSE5685_GSM133053"
"GSE5685","GSE5685_GSM133054"
"GSE5685","GSE5685_GSM133055"
"GSE5685","GSE5685_GSM133056"
"GSE5685","GSE5685_GSM133057"
"GSE5685","GSE5685_GSM133058"
"GSE5685","GSE5685_GSM133059"
"GSE5685","GSE5685_GSM133060"
"GSE5685","GSE5685_GSM133061"
"GSE5685","GSE5685_GSM133062"
"GSE5685","GSE5685_GSM133063"
"GSE5685","GSE5685_GSM133064"
"GSE5685","GSE5685_GSM133065"
"GSE5685","GSE5685_GSM133066"
"GSE5685","GSE5685_GSM133067"
"GSE5685","GSE5685_GSM133068"
"GSE5686","GSE5686_GSM133069"
"GSE5686","GSE5686_GSM133070"
"GSE5686","GSE5686_GSM133071"
"GSE5686","GSE5686_GSM133072"
"GSE5686","GSE5686_GSM133073"
"GSE5686","GSE5686_GSM133074"
"GSE5686","GSE5686_GSM133075"
"GSE5686","GSE5686_GSM133076"
"GSE5686","GSE5686_GSM133077"
"GSE5686","GSE5686_GSM133078"
"GSE5686","GSE5686_GSM133079"
"GSE5686","GSE5686_GSM133080"
"GSE5686","GSE5686_GSM133081"
"GSE5686","GSE5686_GSM133082"
"GSE5686","GSE5686_GSM133083"
"GSE5686","GSE5686_GSM133085"
"GSE5686","GSE5686_GSM133086"
"GSE5686","GSE5686_GSM133087"
"GSE5686","GSE5686_GSM133088"
"GSE5686","GSE5686_GSM133089"
"GSE5686","GSE5686_GSM133090"
"GSE5686","GSE5686_GSM133091"
"GSE5686","GSE5686_GSM133092"
"GSE5686","GSE5686_GSM133093"
"GSE5686","GSE5686_GSM133094"
"GSE5686","GSE5686_GSM133095"
"GSE5686","GSE5686_GSM133096"
"GSE5686","GSE5686_GSM133097"
"GSE5686","GSE5686_GSM133098"
"GSE5686","GSE5686_GSM133099"
"GSE5686","GSE5686_GSM133100"
"GSE5686","GSE5686_GSM133101"
"GSE5686","GSE5686_GSM133102"
"GSE5686","GSE5686_GSM133103"
"GSE5686","GSE5686_GSM133104"
"GSE5686","GSE5686_GSM133105"
"GSE5686","GSE5686_GSM133106"
"GSE5686","GSE5686_GSM133107"
"GSE5686","GSE5686_GSM133108"
"GSE5686","GSE5686_GSM133109"
"GSE5686","GSE5686_GSM133110"
"GSE5686","GSE5686_GSM133111"
"GSE5686","GSE5686_GSM133112"
"GSE5686","GSE5686_GSM133113"
"GSE5686","GSE5686_GSM133114"
"GSE5686","GSE5686_GSM133115"
"GSE5724","GSE5724_GSM133717"
"GSE5724","GSE5724_GSM133718"
"GSE58518","GSE58518_GSM1412891"
"GSE58518","GSE58518_GSM1412892"
"GSE58518","GSE58518_GSM1412893"
"GSE58518","GSE58518_GSM1412894"
"GSE58518","GSE58518_GSM1412895"
"GSE58518","GSE58518_GSM1412896"
"GSE58771","GSE58771_GSM1419228"
"GSE58771","GSE58771_GSM1419229"
"GSE58771","GSE58771_GSM1419230"
"GSE58771","GSE58771_GSM1419231"
"GSE58954","GSE58954_GSM1423045"
"GSE58954","GSE58954_GSM1423046"
"GSE58954","GSE58954_GSM1423047"
"GSE58954","GSE58954_GSM1423048"
"GSE58954","GSE58954_GSM1423049"
"GSE58954","GSE58954_GSM1423050"
"GSE6172","GSE6172_GSM142788"
"GSE6172","GSE6172_GSM142789"
"GSE6172","GSE6172_GSM142790"
"GSE6172","GSE6172_GSM142792"
"GSE6172","GSE6172_GSM142793"
"GSE6176","GSE6176_GSM142829"
"GSE6176","GSE6176_GSM142830"
"GSE6176","GSE6176_GSM142831"
"GSE6176","GSE6176_GSM142832"
"GSE6176","GSE6176_GSM142833"
"GSE6176","GSE6176_GSM142834"
"GSE6176","GSE6176_GSM142835"
"GSE6176","GSE6176_GSM142836"
"GSE6176","GSE6176_GSM142837"
"GSE6176","GSE6176_GSM142838"
"GSE6176","GSE6176_GSM142839"
"GSE6176","GSE6176_GSM142840"
"GSE6176","GSE6176_GSM142841"
"GSE6176","GSE6176_GSM142842"
"GSE6176","GSE6176_GSM142843"
"GSE6176","GSE6176_GSM142844"
"GSE6176","GSE6176_GSM142845"
"GSE6176","GSE6176_GSM142846"
"GSE6176","GSE6176_GSM142847"
"GSE6176","GSE6176_GSM142848"
"GSE6176","GSE6176_GSM142849"
"GSE6176","GSE6176_GSM142850"
"GSE6176","GSE6176_GSM142851"
"GSE6176","GSE6176_GSM142852"
"GSE6176","GSE6176_GSM142853"
"GSE6176","GSE6176_GSM142854"
"GSE6176","GSE6176_GSM142855"
"GSE62537","GSE62537_GSM1528575"
"GSE62537","GSE62537_GSM1528576"
"GSE62537","GSE62537_GSM1528577"
"GSE62537","GSE62537_GSM1528578"
"GSE62537","GSE62537_GSM1528579"
"GSE62537","GSE62537_GSM1528580"
"GSE62537","GSE62537_GSM1528581"
"GSE62537","GSE62537_GSM1528582"
"GSE62537","GSE62537_GSM1528583"
"GSE62537","GSE62537_GSM1528584"
"GSE62537","GSE62537_GSM1528585"
"GSE62537","GSE62537_GSM1528586"
"GSE6516","GSE6516_GSM149814"
"GSE6516","GSE6516_GSM149815"
"GSE6516","GSE6516_GSM149816"
"GSE6516","GSE6516_GSM149817"
"GSE6556","GSE6556_GSM151694"
"GSE6556","GSE6556_GSM151695"
"GSE6556","GSE6556_GSM151696"
"GSE6556","GSE6556_GSM151697"
"GSE6556","GSE6556_GSM151698"
"GSE6556","GSE6556_GSM151699"
"GSE6556","GSE6556_GSM151700"
"GSE6556","GSE6556_GSM151701"
"GSE6556","GSE6556_GSM151702"
"GSE6556","GSE6556_GSM151703"
"GSE6556","GSE6556_GSM151704"
"GSE6556","GSE6556_GSM151705"
"GSE67179","GSE67179_GSM1641296"
"GSE67179","GSE67179_GSM1641297"
"GSE67179","GSE67179_GSM1641298"
"GSE67179","GSE67179_GSM1641299"
"GSE67179","GSE67179_GSM1641300"
"GSE67179","GSE67179_GSM1641301"
"GSE67179","GSE67179_GSM1641302"
"GSE67179","GSE67179_GSM1641303"
"GSE67179","GSE67179_GSM1641304"
"GSE67179","GSE67179_GSM1641305"
"GSE67179","GSE67179_GSM1641306"
"GSE67179","GSE67179_GSM1641307"
"GSE67179","GSE67179_GSM1641308"
"GSE67179","GSE67179_GSM1641309"
"GSE67179","GSE67179_GSM1641310"
"GSE6823","GSE6823_GSM157299"
"GSE6823","GSE6823_GSM157300"
"GSE6823","GSE6823_GSM157301"
"GSE6823","GSE6823_GSM157303"
"GSE6823","GSE6823_GSM157304"
"GSE6831","GSE6831_GSM157373"
"GSE6831","GSE6831_GSM157374"
"GSE6831","GSE6831_GSM157375"
"GSE6831","GSE6831_GSM157376"
"GSE6831","GSE6831_GSM157377"
"GSE6831","GSE6831_GSM157378"
"GSE6831","GSE6831_GSM157379"
"GSE6831","GSE6831_GSM157380"
"GSE6831","GSE6831_GSM157381"
"GSE72742","GSE72742_GSM1869350"
"GSE72742","GSE72742_GSM1869351"
"GSE72742","GSE72742_GSM1869352"
"GSE72742","GSE72742_GSM1869353"
"GSE72742","GSE72742_GSM1869354"
"GSE72742","GSE72742_GSM1869355"
"GSE72742","GSE72742_GSM1869356"
"GSE72742","GSE72742_GSM1869357"
"GSE72742","GSE72742_GSM1869358"
"GSE72742","GSE72742_GSM1869359"
"GSE72742","GSE72742_GSM1869360"
"GSE72742","GSE72742_GSM1869361"
"GSE72742","GSE72742_GSM1869362"
"GSE72742","GSE72742_GSM1869363"
"GSE72742","GSE72742_GSM1869364"
"GSE73301","GSE73301_GSM1890501"
"GSE73301","GSE73301_GSM1890502"
"GSE73351","GSE73351_GSM1891537"
"GSE73351","GSE73351_GSM1891538"
"GSE73351","GSE73351_GSM1891539"
"GSE73351","GSE73351_GSM1891540"
"GSE73351","GSE73351_GSM1891541"
"GSE73351","GSE73351_GSM1891542"
"GSE73351","GSE73351_GSM1891543"
"GSE73351","GSE73351_GSM1891544"
"GSE73841","GSE73841_GSM1904333"
"GSE73841","GSE73841_GSM1904334"
"GSE73841","GSE73841_GSM1904335"
"GSE73841","GSE73841_GSM1904336"
"GSE75928","GSE75928_GSM1970345"
"GSE75928","GSE75928_GSM1970346"
"GSE75928","GSE75928_GSM1970347"
"GSE75928","GSE75928_GSM1970348"
"GSE75928","GSE75928_GSM1970349"
"GSE75928","GSE75928_GSM1970350"
"GSE75928","GSE75928_GSM1970351"
"GSE75928","GSE75928_GSM1970352"
"GSE76071","GSE76071_GSM1973683"
"GSE76071","GSE76071_GSM1973684"
"GSE76071","GSE76071_GSM1973685"
"GSE76071","GSE76071_GSM1973686"
"GSE77806","GSE77806_GSM2059860"
"GSE77806","GSE77806_GSM2059861"
"GSE77806","GSE77806_GSM2059862"
"GSE77806","GSE77806_GSM2059863"
"GSE77806","GSE77806_GSM2059864"
"GSE77806","GSE77806_GSM2059865"
"GSE77806","GSE77806_GSM2059866"
"GSE77806","GSE77806_GSM2059867"
"GSE77806","GSE77806_GSM2059868"
"GSE77806","GSE77806_GSM2059869"
"GSE77806","GSE77806_GSM2059870"
"GSE77806","GSE77806_GSM2059871"
"GSE77806","GSE77806_GSM2059872"
"GSE77806","GSE77806_GSM2059873"
"GSE77806","GSE77806_GSM2059874"
"GSE77806","GSE77806_GSM2059875"
"GSE77806","GSE77806_GSM2059876"
"GSE77806","GSE77806_GSM2059877"
"GSE8319","GSE8319_GSM206274"
"GSE8319","GSE8319_GSM206275"
"GSE8319","GSE8319_GSM206276"
"GSE8319","GSE8319_GSM206277"
"GSE8319","GSE8319_GSM206278"
"GSE8319","GSE8319_GSM206279"
"GSE8319","GSE8319_GSM206280"
"GSE8319","GSE8319_GSM206281"
"GSE8319","GSE8319_GSM206282"
"GSE8319","GSE8319_GSM206283"
"GSE8319","GSE8319_GSM206284"
"GSE8319","GSE8319_GSM206285"
"GSE87215","GSE87215_GSM2325640"
"GSE87215","GSE87215_GSM2325641"
"GSE87215","GSE87215_GSM2325642"
"GSE87215","GSE87215_GSM2325643"
"GSE87215","GSE87215_GSM2325644"
"GSE87215","GSE87215_GSM2325645"
"GSE87215","GSE87215_GSM2325646"
"GSE87215","GSE87215_GSM2325647"
"GSE87215","GSE87215_GSM2325648"
"GSE87215","GSE87215_GSM2325649"
"GSE87215","GSE87215_GSM2325650"
"GSE87215","GSE87215_GSM2325651"
"GSE87216","GSE87216_GSM2325652"
"GSE87216","GSE87216_GSM2325653"
"GSE87216","GSE87216_GSM2325654"
"GSE87216","GSE87216_GSM2325655"
"GSE87216","GSE87216_GSM2325656"
"GSE87216","GSE87216_GSM2325657"
"GSE87216","GSE87216_GSM2325658"
"GSE87216","GSE87216_GSM2325659"
"GSE87216","GSE87216_GSM2325660"
"GSE87216","GSE87216_GSM2325661"
"GSE87216","GSE87216_GSM2325662"
"GSE87216","GSE87216_GSM2325663"
"GSE92631","GSE92631_GSM2433783"
"GSE92631","GSE92631_GSM2433784"
"GSE92631","GSE92631_GSM2433785"
"GSE92631","GSE92631_GSM2433786"
"GSE92631","GSE92631_GSM2433787"
"GSE92631","GSE92631_GSM2433788"
"GSE95609","GSE95609_GSM2518021"
"GSE95609","GSE95609_GSM2518022"
"GSE95609","GSE95609_GSM2518023"
"GSE95609","GSE95609_GSM2518024"
"GSE95609","GSE95609_GSM2518025"
"GSE95609","GSE95609_GSM2518026"
"GSE95609","GSE95609_GSM2518027"
"GSE95609","GSE95609_GSM2518028"
"GSE95609","GSE95609_GSM2518030"
"GSE95609","GSE95609_GSM2518031"
"GSE95609","GSE95609_GSM2518032"
"GSE95609","GSE95609_GSM2518033"
"GSE95609","GSE95609_GSM2518034"
"GSE95609","GSE95609_GSM2518035"
"GSE95609","GSE95609_GSM2518036"
"GSE95609","GSE95609_GSM2518037"
"GSE95609","GSE95609_GSM2518038"
"GSE95609","GSE95609_GSM2518039"
"GSE95609","GSE95609_GSM2518040"
"GSE95609","GSE95609_GSM2518041"
"GSE95609","GSE95609_GSM2518042"
"GSE95609","GSE95609_GSM2518043"
"GSE95609","GSE95609_GSM2518044"
"GSE95609","GSE95609_GSM2518045"
"GSE95609","GSE95609_GSM2518046"
"GSE95609","GSE95609_GSM2518047"
"GSE95609","GSE95609_GSM2518048"
"GSE95609","GSE95609_GSM2518049"
"GSE95609","GSE95609_GSM2518050"
"GSE9674","GSE9674_GSM244442"
"GSE9674","GSE9674_GSM244443"
"GSE9674","GSE9674_GSM244444"
"GSE9674","GSE9674_GSM244445"
"GSE9674","GSE9674_GSM244446"
"GSE9674","GSE9674_GSM244447"
"GSE9674","GSE9674_GSM244448"
"GSE9674","GSE9674_GSM244449"
"GSE9674","GSE9674_GSM244450"
"GSE9674","GSE9674_GSM244451"
"GSE9674","GSE9674_GSM244452"
"GSE9674","GSE9674_GSM244453"
"GSE9674","GSE9674_GSM244455"
"GSE9674","GSE9674_GSM244456"
"GSE9674","GSE9674_GSM244457"
"GSE9674","GSE9674_GSM244458"
"GSE9674","GSE9674_GSM244459"
"GSE98376","GSE98376_GSM2592934"
"GSE98376","GSE98376_GSM2592935"
"GSE98376","GSE98376_GSM2592936"
"GSE98376","GSE98376_GSM2592937"
"GSE98376","GSE98376_GSM2592938"
"GSE98376","GSE98376_GSM2592939"
"GSE98673","GSE98673_GSM2609285"
"GSE98673","GSE98673_GSM2609286"
"GSE98673","GSE98673_GSM2609287"
"GSE98673","GSE98673_GSM2609288"
"GSE98673","GSE98673_GSM2609289"
"GSE98673","GSE98673_GSM2609290"
"GSE98673","GSE98673_GSM2609291"
"GSE98673","GSE98673_GSM2609292"
"GSE98673","GSE98673_GSM2609293"
"GSE98673","GSE98673_GSM2609294"
"GSE98673","GSE98673_GSM2609295"
"GSE98673","GSE98673_GSM2609296"
"GSE98673","GSE98673_GSM2609297"
"GSE98673","GSE98673_GSM2609298"
"GSE98673","GSE98673_GSM2609299"
"GSE98673","GSE98673_GSM2609300"
"GSE98673","GSE98673_GSM2609301"
"GSE98673","GSE98673_GSM2609302"
