"E-ATMX-1","E-ATMX-1_1"
"E-ATMX-1","E-ATMX-1_2"
"E-ATMX-1","E-ATMX-1_3"
"E-ATMX-1","E-ATMX-1_4"
"E-MEXP-1770","E-MEXP-1770_1"
"E-MEXP-1770","E-MEXP-1770_2"
"E-MEXP-1770","E-MEXP-1770_3"
"E-MEXP-1770","E-MEXP-1770_4"
"E-MEXP-1770","E-MEXP-1770_5"
"E-MEXP-1770","E-MEXP-1770_6"
"E-MEXP-1770","E-MEXP-1770_7"
"E-MEXP-1770","E-MEXP-1770_8"
"E-MEXP-2601","E-MEXP-2601_1"
"E-MEXP-2601","E-MEXP-2601_10"
"E-MEXP-2601","E-MEXP-2601_11"
"E-MEXP-2601","E-MEXP-2601_12"
"E-MEXP-2601","E-MEXP-2601_2"
"E-MEXP-2601","E-MEXP-2601_3"
"E-MEXP-2601","E-MEXP-2601_4"
"E-MEXP-2601","E-MEXP-2601_5"
"E-MEXP-2601","E-MEXP-2601_6"
"E-MEXP-2601","E-MEXP-2601_7"
"E-MEXP-2601","E-MEXP-2601_8"
"E-MEXP-2601","E-MEXP-2601_9"
"E-MEXP-3649","E-MEXP-3649_1"
"E-MEXP-3649","E-MEXP-3649_2"
"E-MEXP-3649","E-MEXP-3649_3"
"E-MEXP-3649","E-MEXP-3649_4"
"E-MEXP-791","E-MEXP-791_1"
"E-MEXP-791","E-MEXP-791_10"
"E-MEXP-791","E-MEXP-791_11"
"E-MEXP-791","E-MEXP-791_12"
"E-MEXP-791","E-MEXP-791_13"
"E-MEXP-791","E-MEXP-791_14"
"E-MEXP-791","E-MEXP-791_15"
"E-MEXP-791","E-MEXP-791_16"
"E-MEXP-791","E-MEXP-791_17"
"E-MEXP-791","E-MEXP-791_18"
"E-MEXP-791","E-MEXP-791_19"
"E-MEXP-791","E-MEXP-791_21"
"E-MEXP-791","E-MEXP-791_22"
"E-MEXP-791","E-MEXP-791_23"
"E-MEXP-791","E-MEXP-791_24"
"E-MEXP-791","E-MEXP-791_3"
"E-MEXP-791","E-MEXP-791_4"
"E-MEXP-791","E-MEXP-791_5"
"E-MEXP-791","E-MEXP-791_6"
"E-MEXP-791","E-MEXP-791_7"
"E-MEXP-791","E-MEXP-791_8"
"E-MEXP-791","E-MEXP-791_9"
"E-MEXP-828","E-MEXP-828_1"
"E-MEXP-828","E-MEXP-828_10"
"E-MEXP-828","E-MEXP-828_11"
"E-MEXP-828","E-MEXP-828_12"
"E-MEXP-828","E-MEXP-828_13"
"E-MEXP-828","E-MEXP-828_14"
"E-MEXP-828","E-MEXP-828_15"
"E-MEXP-828","E-MEXP-828_16"
"E-MEXP-828","E-MEXP-828_17"
"E-MEXP-828","E-MEXP-828_18"
"E-MEXP-828","E-MEXP-828_19"
"E-MEXP-828","E-MEXP-828_2"
"E-MEXP-828","E-MEXP-828_20"
"E-MEXP-828","E-MEXP-828_21"
"E-MEXP-828","E-MEXP-828_22"
"E-MEXP-828","E-MEXP-828_23"
"E-MEXP-828","E-MEXP-828_24"
"E-MEXP-828","E-MEXP-828_25"
"E-MEXP-828","E-MEXP-828_26"
"E-MEXP-828","E-MEXP-828_27"
"E-MEXP-828","E-MEXP-828_28"
"E-MEXP-828","E-MEXP-828_29"
"E-MEXP-828","E-MEXP-828_3"
"E-MEXP-828","E-MEXP-828_30"
"E-MEXP-828","E-MEXP-828_31"
"E-MEXP-828","E-MEXP-828_32"
"E-MEXP-828","E-MEXP-828_33"
"E-MEXP-828","E-MEXP-828_34"
"E-MEXP-828","E-MEXP-828_4"
"E-MEXP-828","E-MEXP-828_5"
"E-MEXP-828","E-MEXP-828_6"
"E-MEXP-828","E-MEXP-828_7"
"E-MEXP-828","E-MEXP-828_8"
"E-MEXP-828","E-MEXP-828_9"
"E-MTAB-2553","E-MTAB-2553_10"
"E-MTAB-2553","E-MTAB-2553_11"
"E-MTAB-2553","E-MTAB-2553_12"
"GSE100903","GSE100903_GSM2695882"
"GSE100903","GSE100903_GSM2695883"
"GSE100903","GSE100903_GSM2695884"
"GSE100903","GSE100903_GSM2695885"
"GSE100903","GSE100903_GSM2695886"
"GSE100903","GSE100903_GSM2695887"
"GSE100903","GSE100903_GSM2695888"
"GSE100903","GSE100903_GSM2695889"
"GSE100903","GSE100903_GSM2695890"
"GSE100903","GSE100903_GSM2695891"
"GSE100903","GSE100903_GSM2695892"
"GSE100903","GSE100903_GSM2695893"
"GSE100903","GSE100903_GSM2695894"
"GSE100903","GSE100903_GSM2695895"
"GSE100903","GSE100903_GSM2695896"
"GSE100903","GSE100903_GSM2695897"
"GSE100903","GSE100903_GSM2695898"
"GSE100903","GSE100903_GSM2695899"
"GSE100903","GSE100903_GSM2695900"
"GSE100903","GSE100903_GSM2695901"
"GSE100903","GSE100903_GSM2695902"
"GSE100903","GSE100903_GSM2695903"
"GSE100903","GSE100903_GSM2695904"
"GSE100903","GSE100903_GSM2695905"
"GSE100903","GSE100903_GSM2695906"
"GSE100903","GSE100903_GSM2695907"
"GSE100903","GSE100903_GSM2695908"
"GSE100903","GSE100903_GSM2695909"
"GSE100903","GSE100903_GSM2695910"
"GSE100903","GSE100903_GSM2695911"
"GSE10496","GSE10496_GSM265411"
"GSE10496","GSE10496_GSM265412"
"GSE10496","GSE10496_GSM265413"
"GSE10496","GSE10496_GSM265415"
"GSE10496","GSE10496_GSM265416"
"GSE10497","GSE10497_GSM265418"
"GSE10497","GSE10497_GSM265419"
"GSE10497","GSE10497_GSM265420"
"GSE10497","GSE10497_GSM265421"
"GSE10497","GSE10497_GSM265423"
"GSE10497","GSE10497_GSM265424"
"GSE10497","GSE10497_GSM265425"
"GSE10497","GSE10497_GSM265426"
"GSE10497","GSE10497_GSM265427"
"GSE10497","GSE10497_GSM265428"
"GSE10497","GSE10497_GSM265429"
"GSE10497","GSE10497_GSM265430"
"GSE10497","GSE10497_GSM265431"
"GSE10497","GSE10497_GSM265432"
"GSE10497","GSE10497_GSM265433"
"GSE10501","GSE10501_GSM266662"
"GSE10501","GSE10501_GSM266663"
"GSE10501","GSE10501_GSM266664"
"GSE10501","GSE10501_GSM266665"
"GSE10501","GSE10501_GSM266666"
"GSE10501","GSE10501_GSM266667"
"GSE10501","GSE10501_GSM266668"
"GSE10501","GSE10501_GSM266669"
"GSE10501","GSE10501_GSM266670"
"GSE10501","GSE10501_GSM266671"
"GSE10501","GSE10501_GSM266672"
"GSE10501","GSE10501_GSM266673"
"GSE10501","GSE10501_GSM266674"
"GSE10501","GSE10501_GSM266675"
"GSE10501","GSE10501_GSM266676"
"GSE10501","GSE10501_GSM266677"
"GSE10502","GSE10502_GSM265461"
"GSE10502","GSE10502_GSM265463"
"GSE10502","GSE10502_GSM265464"
"GSE10502","GSE10502_GSM265465"
"GSE10502","GSE10502_GSM265466"
"GSE10502","GSE10502_GSM265467"
"GSE10502","GSE10502_GSM265468"
"GSE10502","GSE10502_GSM265469"
"GSE10502","GSE10502_GSM265470"
"GSE10502","GSE10502_GSM265471"
"GSE10502","GSE10502_GSM265472"
"GSE10502","GSE10502_GSM265473"
"GSE10502","GSE10502_GSM265474"
"GSE109611","GSE109611_GSM2947203"
"GSE109611","GSE109611_GSM2947204"
"GSE109611","GSE109611_GSM2947205"
"GSE109611","GSE109611_GSM2947206"
"GSE109611","GSE109611_GSM2947207"
"GSE109611","GSE109611_GSM2947208"
"GSE109611","GSE109611_GSM2947209"
"GSE109611","GSE109611_GSM2947210"
"GSE109611","GSE109611_GSM2947211"
"GSE109611","GSE109611_GSM2947212"
"GSE109611","GSE109611_GSM2947213"
"GSE109611","GSE109611_GSM2947214"
"GSE109611","GSE109611_GSM2947215"
"GSE109611","GSE109611_GSM2947216"
"GSE109611","GSE109611_GSM2947217"
"GSE109611","GSE109611_GSM2947218"
"GSE109611","GSE109611_GSM2947219"
"GSE109611","GSE109611_GSM2947220"
"GSE109611","GSE109611_GSM2947221"
"GSE109611","GSE109611_GSM2947222"
"GSE109611","GSE109611_GSM2947223"
"GSE109611","GSE109611_GSM2947224"
"GSE109611","GSE109611_GSM2947225"
"GSE109611","GSE109611_GSM2947226"
"GSE109611","GSE109611_GSM2947227"
"GSE109611","GSE109611_GSM2947228"
"GSE109611","GSE109611_GSM2947229"
"GSE109611","GSE109611_GSM2947230"
"GSE109611","GSE109611_GSM2947231"
"GSE110171","GSE110171_GSM2981527"
"GSE110171","GSE110171_GSM2981528"
"GSE110171","GSE110171_GSM2981529"
"GSE110171","GSE110171_GSM2981530"
"GSE110171","GSE110171_GSM2981531"
"GSE110171","GSE110171_GSM2981532"
"GSE110171","GSE110171_GSM2981533"
"GSE110171","GSE110171_GSM2981534"
"GSE110171","GSE110171_GSM2981535"
"GSE110171","GSE110171_GSM2981536"
"GSE110171","GSE110171_GSM2981537"
"GSE110171","GSE110171_GSM2981538"
"GSE110171","GSE110171_GSM2981539"
"GSE110171","GSE110171_GSM2981540"
"GSE110171","GSE110171_GSM2981541"
"GSE110171","GSE110171_GSM2981542"
"GSE110171","GSE110171_GSM2981543"
"GSE110171","GSE110171_GSM2981544"
"GSE110171","GSE110171_GSM2981545"
"GSE110171","GSE110171_GSM2981546"
"GSE110171","GSE110171_GSM2981547"
"GSE110171","GSE110171_GSM2981548"
"GSE110171","GSE110171_GSM2981549"
"GSE110171","GSE110171_GSM2981550"
"GSE110171","GSE110171_GSM2981551"
"GSE110171","GSE110171_GSM2981552"
"GSE110171","GSE110171_GSM2981553"
"GSE110171","GSE110171_GSM2981554"
"GSE110171","GSE110171_GSM2981555"
"GSE110171","GSE110171_GSM2981556"
"GSE110171","GSE110171_GSM2981557"
"GSE110171","GSE110171_GSM2981558"
"GSE110171","GSE110171_GSM2981559"
"GSE110171","GSE110171_GSM2981560"
"GSE110171","GSE110171_GSM2981561"
"GSE110171","GSE110171_GSM2981562"
"GSE110171","GSE110171_GSM2981563"
"GSE110171","GSE110171_GSM2981564"
"GSE110171","GSE110171_GSM2981565"
"GSE110171","GSE110171_GSM2981566"
"GSE110171","GSE110171_GSM2981567"
"GSE110171","GSE110171_GSM2981568"
"GSE110171","GSE110171_GSM2981569"
"GSE110171","GSE110171_GSM2981570"
"GSE110171","GSE110171_GSM2981571"
"GSE110171","GSE110171_GSM2981572"
"GSE110171","GSE110171_GSM2981573"
"GSE110171","GSE110171_GSM2981574"
"GSE110171","GSE110171_GSM2981575"
"GSE110171","GSE110171_GSM2981576"
"GSE110171","GSE110171_GSM2981577"
"GSE110171","GSE110171_GSM2981578"
"GSE110171","GSE110171_GSM2981579"
"GSE110171","GSE110171_GSM2981580"
"GSE110171","GSE110171_GSM2981581"
"GSE110171","GSE110171_GSM2981582"
"GSE110171","GSE110171_GSM2981583"
"GSE110171","GSE110171_GSM2981584"
"GSE110171","GSE110171_GSM2981585"
"GSE110171","GSE110171_GSM2981586"
"GSE110171","GSE110171_GSM2981587"
"GSE110171","GSE110171_GSM2981588"
"GSE110171","GSE110171_GSM2981589"
"GSE110171","GSE110171_GSM2981590"
"GSE110171","GSE110171_GSM2981591"
"GSE110171","GSE110171_GSM2981592"
"GSE110171","GSE110171_GSM2981593"
"GSE110171","GSE110171_GSM2981594"
"GSE110171","GSE110171_GSM2981595"
"GSE110171","GSE110171_GSM2981596"
"GSE110171","GSE110171_GSM2981597"
"GSE110171","GSE110171_GSM2981598"
"GSE111443","GSE111443_GSM3030930"
"GSE111443","GSE111443_GSM3030931"
"GSE111443","GSE111443_GSM3030932"
"GSE111443","GSE111443_GSM3030933"
"GSE111443","GSE111443_GSM3030934"
"GSE111443","GSE111443_GSM3030935"
"GSE111443","GSE111443_GSM3030936"
"GSE111443","GSE111443_GSM3030937"
"GSE111443","GSE111443_GSM3030938"
"GSE111443","GSE111443_GSM3030939"
"GSE111443","GSE111443_GSM3030940"
"GSE111443","GSE111443_GSM3030941"
"GSE111443","GSE111443_GSM3030942"
"GSE111443","GSE111443_GSM3030943"
"GSE111443","GSE111443_GSM3030944"
"GSE111443","GSE111443_GSM3030945"
"GSE15189","GSE15189_GSM379242"
"GSE15189","GSE15189_GSM379243"
"GSE15189","GSE15189_GSM379244"
"GSE15189","GSE15189_GSM379245"
"GSE15189","GSE15189_GSM379246"
"GSE15189","GSE15189_GSM379247"
"GSE15189","GSE15189_GSM379248"
"GSE15189","GSE15189_GSM379249"
"GSE15189","GSE15189_GSM379250"
"GSE15189","GSE15189_GSM379251"
"GSE15189","GSE15189_GSM379252"
"GSE15189","GSE15189_GSM379253"
"GSE15189","GSE15189_GSM379254"
"GSE15189","GSE15189_GSM379255"
"GSE15189","GSE15189_GSM379256"
"GSE15189","GSE15189_GSM379257"
"GSE15189","GSE15189_GSM379258"
"GSE15189","GSE15189_GSM379259"
"GSE15189","GSE15189_GSM379260"
"GSE15189","GSE15189_GSM379261"
"GSE15189","GSE15189_GSM379262"
"GSE15189","GSE15189_GSM379263"
"GSE15649","GSE15649_GSM391660"
"GSE15649","GSE15649_GSM391661"
"GSE15649","GSE15649_GSM391662"
"GSE15649","GSE15649_GSM391663"
"GSE15649","GSE15649_GSM391664"
"GSE15649","GSE15649_GSM391665"
"GSE15649","GSE15649_GSM391666"
"GSE15649","GSE15649_GSM391667"
"GSE16722","GSE16722_GSM419025"
"GSE16722","GSE16722_GSM419026"
"GSE16722","GSE16722_GSM419027"
"GSE16722","GSE16722_GSM419028"
"GSE16722","GSE16722_GSM419029"
"GSE16722","GSE16722_GSM419030"
"GSE16722","GSE16722_GSM419031"
"GSE16722","GSE16722_GSM419032"
"GSE16722","GSE16722_GSM419033"
"GSE16722","GSE16722_GSM419034"
"GSE16722","GSE16722_GSM419035"
"GSE16722","GSE16722_GSM419036"
"GSE16722","GSE16722_GSM419037"
"GSE16722","GSE16722_GSM419038"
"GSE16722","GSE16722_GSM419039"
"GSE16722","GSE16722_GSM419040"
"GSE16722","GSE16722_GSM419041"
"GSE16722","GSE16722_GSM419042"
"GSE16722","GSE16722_GSM419043"
"GSE16722","GSE16722_GSM419044"
"GSE16722","GSE16722_GSM419045"
"GSE16722","GSE16722_GSM419046"
"GSE16722","GSE16722_GSM419047"
"GSE16722","GSE16722_GSM419048"
"GSE16964","GSE16964_GSM424780"
"GSE16964","GSE16964_GSM424781"
"GSE16964","GSE16964_GSM424782"
"GSE16964","GSE16964_GSM424783"
"GSE16964","GSE16964_GSM424784"
"GSE16964","GSE16964_GSM424785"
"GSE16964","GSE16964_GSM424786"
"GSE16964","GSE16964_GSM424787"
"GSE16964","GSE16964_GSM424788"
"GSE16964","GSE16964_GSM424789"
"GSE16964","GSE16964_GSM424790"
"GSE16964","GSE16964_GSM424791"
"GSE16964","GSE16964_GSM457028"
"GSE16964","GSE16964_GSM457029"
"GSE16964","GSE16964_GSM457030"
"GSE16964","GSE16964_GSM457031"
"GSE16964","GSE16964_GSM457032"
"GSE16964","GSE16964_GSM457033"
"GSE18071","GSE18071_GSM451826"
"GSE18071","GSE18071_GSM451827"
"GSE18071","GSE18071_GSM451828"
"GSE18071","GSE18071_GSM451829"
"GSE18071","GSE18071_GSM451830"
"GSE18071","GSE18071_GSM451832"
"GSE18071","GSE18071_GSM451833"
"GSE18071","GSE18071_GSM451834"
"GSE18071","GSE18071_GSM451835"
"GSE18071","GSE18071_GSM451836"
"GSE18071","GSE18071_GSM451837"
"GSE18071","GSE18071_GSM451838"
"GSE18071","GSE18071_GSM451839"
"GSE18071","GSE18071_GSM451840"
"GSE18071","GSE18071_GSM451843"
"GSE18071","GSE18071_GSM451845"
"GSE18071","GSE18071_GSM451846"
"GSE18071","GSE18071_GSM451848"
"GSE18071","GSE18071_GSM451849"
"GSE18818","GSE18818_GSM466621"
"GSE18818","GSE18818_GSM466622"
"GSE18818","GSE18818_GSM466623"
"GSE18818","GSE18818_GSM466624"
"GSE18818","GSE18818_GSM466625"
"GSE18818","GSE18818_GSM466626"
"GSE18818","GSE18818_GSM466627"
"GSE18818","GSE18818_GSM466628"
"GSE18818","GSE18818_GSM466629"
"GSE18818","GSE18818_GSM466630"
"GSE18818","GSE18818_GSM466631"
"GSE18818","GSE18818_GSM466632"
"GSE18818","GSE18818_GSM466633"
"GSE18818","GSE18818_GSM466634"
"GSE18818","GSE18818_GSM466635"
"GSE18818","GSE18818_GSM466636"
"GSE18818","GSE18818_GSM466637"
"GSE18818","GSE18818_GSM466638"
"GSE18960","GSE18960_GSM469413"
"GSE18960","GSE18960_GSM469414"
"GSE18960","GSE18960_GSM469415"
"GSE18960","GSE18960_GSM469416"
"GSE18960","GSE18960_GSM469417"
"GSE18960","GSE18960_GSM469418"
"GSE18984","GSE18984_GSM469817"
"GSE18984","GSE18984_GSM469818"
"GSE18984","GSE18984_GSM469819"
"GSE18984","GSE18984_GSM469820"
"GSE18984","GSE18984_GSM469821"
"GSE18984","GSE18984_GSM469822"
"GSE18984","GSE18984_GSM469823"
"GSE18984","GSE18984_GSM469824"
"GSE20044","GSE20044_GSM501184"
"GSE20044","GSE20044_GSM501185"
"GSE20044","GSE20044_GSM501186"
"GSE20044","GSE20044_GSM501187"
"GSE20044","GSE20044_GSM501188"
"GSE20044","GSE20044_GSM501189"
"GSE20044","GSE20044_GSM501190"
"GSE20044","GSE20044_GSM501191"
"GSE20044","GSE20044_GSM501192"
"GSE20044","GSE20044_GSM501193"
"GSE20044","GSE20044_GSM501194"
"GSE20044","GSE20044_GSM501195"
"GSE20044","GSE20044_GSM501196"
"GSE20044","GSE20044_GSM501197"
"GSE20044","GSE20044_GSM501198"
"GSE20044","GSE20044_GSM501199"
"GSE20044","GSE20044_GSM501200"
"GSE20044","GSE20044_GSM501201"
"GSE20044","GSE20044_GSM501202"
"GSE20044","GSE20044_GSM501203"
"GSE20044","GSE20044_GSM501204"
"GSE20044","GSE20044_GSM501205"
"GSE20044","GSE20044_GSM501207"
"GSE20044","GSE20044_GSM501208"
"GSE20044","GSE20044_GSM501209"
"GSE20955","GSE20955_GSM523974"
"GSE20955","GSE20955_GSM523975"
"GSE20955","GSE20955_GSM523976"
"GSE20955","GSE20955_GSM523977"
"GSE20955","GSE20955_GSM523978"
"GSE20955","GSE20955_GSM523979"
"GSE21443","GSE21443_GSM535984"
"GSE21443","GSE21443_GSM535985"
"GSE21443","GSE21443_GSM535986"
"GSE21443","GSE21443_GSM535987"
"GSE21443","GSE21443_GSM535988"
"GSE21443","GSE21443_GSM535989"
"GSE21443","GSE21443_GSM535990"
"GSE21443","GSE21443_GSM535991"
"GSE21556","GSE21556_GSM538641"
"GSE21556","GSE21556_GSM538642"
"GSE21556","GSE21556_GSM538643"
"GSE21556","GSE21556_GSM538644"
"GSE21556","GSE21556_GSM538645"
"GSE21556","GSE21556_GSM538646"
"GSE21556","GSE21556_GSM538647"
"GSE21556","GSE21556_GSM538648"
"GSE21556","GSE21556_GSM538649"
"GSE21601","GSE21601_GSM539310"
"GSE21601","GSE21601_GSM539311"
"GSE21601","GSE21601_GSM539312"
"GSE21601","GSE21601_GSM539313"
"GSE21601","GSE21601_GSM539314"
"GSE21601","GSE21601_GSM539315"
"GSE21601","GSE21601_GSM539316"
"GSE21601","GSE21601_GSM539317"
"GSE21601","GSE21601_GSM539318"
"GSE21601","GSE21601_GSM539319"
"GSE21601","GSE21601_GSM539320"
"GSE21601","GSE21601_GSM539321"
"GSE21601","GSE21601_GSM539322"
"GSE21601","GSE21601_GSM539323"
"GSE21601","GSE21601_GSM539324"
"GSE21601","GSE21601_GSM539325"
"GSE21601","GSE21601_GSM539326"
"GSE21601","GSE21601_GSM539327"
"GSE21601","GSE21601_GSM539328"
"GSE21601","GSE21601_GSM539329"
"GSE21601","GSE21601_GSM539330"
"GSE21601","GSE21601_GSM539331"
"GSE21601","GSE21601_GSM539332"
"GSE21601","GSE21601_GSM539333"
"GSE22966","GSE22966_GSM566858"
"GSE22966","GSE22966_GSM566859"
"GSE22966","GSE22966_GSM566860"
"GSE22966","GSE22966_GSM566861"
"GSE22966","GSE22966_GSM566862"
"GSE22966","GSE22966_GSM566863"
"GSE22966","GSE22966_GSM566864"
"GSE22966","GSE22966_GSM566865"
"GSE22966","GSE22966_GSM566866"
"GSE22966","GSE22966_GSM566867"
"GSE22966","GSE22966_GSM566868"
"GSE22966","GSE22966_GSM566869"
"GSE22966","GSE22966_GSM566870"
"GSE22966","GSE22966_GSM566871"
"GSE22966","GSE22966_GSM566872"
"GSE22966","GSE22966_GSM566873"
"GSE22966","GSE22966_GSM566874"
"GSE22966","GSE22966_GSM566875"
"GSE22966","GSE22966_GSM566876"
"GSE22966","GSE22966_GSM566877"
"GSE22966","GSE22966_GSM566878"
"GSE22966","GSE22966_GSM566879"
"GSE22966","GSE22966_GSM566880"
"GSE22966","GSE22966_GSM566881"
"GSE22966","GSE22966_GSM566882"
"GSE22966","GSE22966_GSM566883"
"GSE22966","GSE22966_GSM566884"
"GSE22966","GSE22966_GSM566885"
"GSE22966","GSE22966_GSM566886"
"GSE22966","GSE22966_GSM566887"
"GSE22966","GSE22966_GSM566888"
"GSE22966","GSE22966_GSM566889"
"GSE22966","GSE22966_GSM566890"
"GSE22966","GSE22966_GSM566891"
"GSE22966","GSE22966_GSM566892"
"GSE22966","GSE22966_GSM566893"
"GSE23846","GSE23846_GSM587904"
"GSE23846","GSE23846_GSM587905"
"GSE23846","GSE23846_GSM587906"
"GSE23846","GSE23846_GSM587907"
"GSE23846","GSE23846_GSM587908"
"GSE23846","GSE23846_GSM587909"
"GSE23846","GSE23846_GSM587910"
"GSE23846","GSE23846_GSM587911"
"GSE23846","GSE23846_GSM587912"
"GSE23846","GSE23846_GSM587913"
"GSE23846","GSE23846_GSM587914"
"GSE23846","GSE23846_GSM587915"
"GSE24348","GSE24348_GSM600262"
"GSE24348","GSE24348_GSM600263"
"GSE24348","GSE24348_GSM600264"
"GSE24348","GSE24348_GSM600265"
"GSE24348","GSE24348_GSM600266"
"GSE24348","GSE24348_GSM600267"
"GSE24348","GSE24348_GSM600268"
"GSE24348","GSE24348_GSM600269"
"GSE24348","GSE24348_GSM600270"
"GSE24348","GSE24348_GSM600271"
"GSE24348","GSE24348_GSM600272"
"GSE24348","GSE24348_GSM600273"
"GSE24348","GSE24348_GSM600274"
"GSE24348","GSE24348_GSM600275"
"GSE24348","GSE24348_GSM600276"
"GSE24348","GSE24348_GSM600278"
"GSE24348","GSE24348_GSM600279"
"GSE24348","GSE24348_GSM600280"
"GSE24348","GSE24348_GSM600281"
"GSE24348","GSE24348_GSM600282"
"GSE24348","GSE24348_GSM600283"
"GSE24348","GSE24348_GSM600284"
"GSE24348","GSE24348_GSM600285"
"GSE24738","GSE24738_GSM609336"
"GSE24738","GSE24738_GSM609337"
"GSE24738","GSE24738_GSM609338"
"GSE24738","GSE24738_GSM609339"
"GSE24738","GSE24738_GSM609340"
"GSE24738","GSE24738_GSM609341"
"GSE24738","GSE24738_GSM609342"
"GSE24738","GSE24738_GSM609343"
"GSE24738","GSE24738_GSM714944"
"GSE24738","GSE24738_GSM714945"
"GSE24738","GSE24738_GSM714946"
"GSE24738","GSE24738_GSM714947"
"GSE25171","GSE25171_GSM618324"
"GSE25171","GSE25171_GSM618325"
"GSE25171","GSE25171_GSM618326"
"GSE25171","GSE25171_GSM618327"
"GSE25171","GSE25171_GSM618328"
"GSE25171","GSE25171_GSM618329"
"GSE25171","GSE25171_GSM618330"
"GSE25171","GSE25171_GSM618331"
"GSE25171","GSE25171_GSM618332"
"GSE25171","GSE25171_GSM618333"
"GSE25171","GSE25171_GSM618334"
"GSE25171","GSE25171_GSM618335"
"GSE25171","GSE25171_GSM618336"
"GSE25171","GSE25171_GSM618337"
"GSE25171","GSE25171_GSM618338"
"GSE25171","GSE25171_GSM618339"
"GSE25171","GSE25171_GSM618340"
"GSE25171","GSE25171_GSM618341"
"GSE25171","GSE25171_GSM618342"
"GSE25171","GSE25171_GSM618343"
"GSE25171","GSE25171_GSM618344"
"GSE25171","GSE25171_GSM618345"
"GSE25171","GSE25171_GSM618346"
"GSE25171","GSE25171_GSM618347"
"GSE26084","GSE26084_GSM640423"
"GSE26084","GSE26084_GSM640424"
"GSE26084","GSE26084_GSM640425"
"GSE26084","GSE26084_GSM640426"
"GSE29086","GSE29086_GSM720624"
"GSE29086","GSE29086_GSM720626"
"GSE29086","GSE29086_GSM720627"
"GSE29086","GSE29086_GSM720628"
"GSE29086","GSE29086_GSM720629"
"GSE29086","GSE29086_GSM720630"
"GSE29086","GSE29086_GSM720631"
"GSE29086","GSE29086_GSM720632"
"GSE29086","GSE29086_GSM720633"
"GSE29086","GSE29086_GSM720634"
"GSE29086","GSE29086_GSM720635"
"GSE29086","GSE29086_GSM720636"
"GSE29086","GSE29086_GSM720637"
"GSE29086","GSE29086_GSM720638"
"GSE29086","GSE29086_GSM720639"
"GSE29086","GSE29086_GSM720640"
"GSE29086","GSE29086_GSM720641"
"GSE29589","GSE29589_GSM732600"
"GSE29589","GSE29589_GSM732601"
"GSE29589","GSE29589_GSM732602"
"GSE29589","GSE29589_GSM732603"
"GSE29589","GSE29589_GSM732604"
"GSE29589","GSE29589_GSM732605"
"GSE29589","GSE29589_GSM732606"
"GSE29589","GSE29589_GSM732607"
"GSE29589","GSE29589_GSM732608"
"GSE29589","GSE29589_GSM732609"
"GSE29589","GSE29589_GSM732610"
"GSE29589","GSE29589_GSM732611"
"GSE29589","GSE29589_GSM732612"
"GSE29589","GSE29589_GSM732613"
"GSE29589","GSE29589_GSM732614"
"GSE30098","GSE30098_GSM744800"
"GSE30098","GSE30098_GSM744801"
"GSE30098","GSE30098_GSM744802"
"GSE30098","GSE30098_GSM744803"
"GSE30098","GSE30098_GSM744804"
"GSE30098","GSE30098_GSM744805"
"GSE30098","GSE30098_GSM744806"
"GSE30098","GSE30098_GSM744807"
"GSE30098","GSE30098_GSM744808"
"GSE30098","GSE30098_GSM744809"
"GSE30098","GSE30098_GSM744810"
"GSE30098","GSE30098_GSM744811"
"GSE30099","GSE30099_GSM744812"
"GSE30099","GSE30099_GSM744813"
"GSE30099","GSE30099_GSM744814"
"GSE30099","GSE30099_GSM744815"
"GSE30099","GSE30099_GSM744816"
"GSE30099","GSE30099_GSM744817"
"GSE30099","GSE30099_GSM744818"
"GSE30099","GSE30099_GSM744819"
"GSE30099","GSE30099_GSM744820"
"GSE30099","GSE30099_GSM744821"
"GSE30099","GSE30099_GSM744822"
"GSE30099","GSE30099_GSM744823"
"GSE30099","GSE30099_GSM744824"
"GSE30099","GSE30099_GSM744825"
"GSE30099","GSE30099_GSM744826"
"GSE30100","GSE30100_GSM744827"
"GSE30100","GSE30100_GSM744828"
"GSE30100","GSE30100_GSM744829"
"GSE30100","GSE30100_GSM744830"
"GSE30100","GSE30100_GSM744831"
"GSE30100","GSE30100_GSM744832"
"GSE30100","GSE30100_GSM744833"
"GSE30100","GSE30100_GSM744834"
"GSE32566","GSE32566_GSM807184"
"GSE32566","GSE32566_GSM807185"
"GSE32566","GSE32566_GSM807186"
"GSE32566","GSE32566_GSM807187"
"GSE32566","GSE32566_GSM807188"
"GSE32566","GSE32566_GSM807189"
"GSE32566","GSE32566_GSM807190"
"GSE32566","GSE32566_GSM807191"
"GSE32566","GSE32566_GSM807192"
"GSE32566","GSE32566_GSM807193"
"GSE32566","GSE32566_GSM807194"
"GSE32566","GSE32566_GSM807195"
"GSE32659","GSE32659_GSM810596"
"GSE32659","GSE32659_GSM810597"
"GSE32659","GSE32659_GSM810598"
"GSE32659","GSE32659_GSM810599"
"GSE32659","GSE32659_GSM810600"
"GSE32659","GSE32659_GSM810601"
"GSE33790","GSE33790_GSM835808"
"GSE33790","GSE33790_GSM835809"
"GSE33790","GSE33790_GSM835810"
"GSE33790","GSE33790_GSM835811"
"GSE33790","GSE33790_GSM835812"
"GSE33790","GSE33790_GSM835813"
"GSE33790","GSE33790_GSM835814"
"GSE33790","GSE33790_GSM835815"
"GSE33790","GSE33790_GSM835816"
"GSE33790","GSE33790_GSM835817"
"GSE33790","GSE33790_GSM835818"
"GSE33790","GSE33790_GSM835819"
"GSE33790","GSE33790_GSM835820"
"GSE33790","GSE33790_GSM835821"
"GSE33790","GSE33790_GSM835822"
"GSE33790","GSE33790_GSM835823"
"GSE33790","GSE33790_GSM835824"
"GSE33790","GSE33790_GSM835825"
"GSE34130","GSE34130_GSM842202"
"GSE34130","GSE34130_GSM842203"
"GSE34130","GSE34130_GSM842204"
"GSE34130","GSE34130_GSM842205"
"GSE34130","GSE34130_GSM842206"
"GSE34130","GSE34130_GSM842207"
"GSE34130","GSE34130_GSM842208"
"GSE34130","GSE34130_GSM842209"
"GSE34130","GSE34130_GSM842210"
"GSE34130","GSE34130_GSM842211"
"GSE34130","GSE34130_GSM842212"
"GSE34130","GSE34130_GSM842213"
"GSE34130","GSE34130_GSM842214"
"GSE34130","GSE34130_GSM842215"
"GSE34130","GSE34130_GSM842216"
"GSE34130","GSE34130_GSM842217"
"GSE34130","GSE34130_GSM842218"
"GSE34130","GSE34130_GSM842219"
"GSE34130","GSE34130_GSM842226"
"GSE34130","GSE34130_GSM842227"
"GSE34130","GSE34130_GSM842228"
"GSE34130","GSE34130_GSM842229"
"GSE34130","GSE34130_GSM842230"
"GSE34130","GSE34130_GSM842231"
"GSE34130","GSE34130_GSM842238"
"GSE34130","GSE34130_GSM842239"
"GSE34130","GSE34130_GSM842240"
"GSE34130","GSE34130_GSM842241"
"GSE34130","GSE34130_GSM842242"
"GSE34130","GSE34130_GSM842243"
"GSE35544","GSE35544_GSM870357"
"GSE35544","GSE35544_GSM870358"
"GSE35544","GSE35544_GSM870359"
"GSE35544","GSE35544_GSM870360"
"GSE35544","GSE35544_GSM870361"
"GSE35544","GSE35544_GSM870362"
"GSE35544","GSE35544_GSM870363"
"GSE35544","GSE35544_GSM870364"
"GSE35544","GSE35544_GSM870365"
"GSE35544","GSE35544_GSM870366"
"GSE35544","GSE35544_GSM870367"
"GSE35544","GSE35544_GSM870368"
"GSE36797","GSE36797_GSM901183"
"GSE36797","GSE36797_GSM901184"
"GSE36797","GSE36797_GSM901185"
"GSE36797","GSE36797_GSM901186"
"GSE36797","GSE36797_GSM901187"
"GSE36797","GSE36797_GSM901188"
"GSE36797","GSE36797_GSM901189"
"GSE36797","GSE36797_GSM901190"
"GSE36797","GSE36797_GSM901191"
"GSE36797","GSE36797_GSM901192"
"GSE36797","GSE36797_GSM901193"
"GSE36797","GSE36797_GSM901194"
"GSE39268","GSE39268_GSM959127"
"GSE39268","GSE39268_GSM959129"
"GSE39268","GSE39268_GSM959130"
"GSE39268","GSE39268_GSM959131"
"GSE39268","GSE39268_GSM959132"
"GSE39268","GSE39268_GSM959133"
"GSE39268","GSE39268_GSM959134"
"GSE39268","GSE39268_GSM959135"
"GSE39268","GSE39268_GSM959136"
"GSE39268","GSE39268_GSM959137"
"GSE39268","GSE39268_GSM959138"
"GSE39268","GSE39268_GSM959139"
"GSE39268","GSE39268_GSM959140"
"GSE39268","GSE39268_GSM959141"
"GSE39268","GSE39268_GSM959142"
"GSE39268","GSE39268_GSM959143"
"GSE39268","GSE39268_GSM959144"
"GSE39268","GSE39268_GSM959145"
"GSE39268","GSE39268_GSM959146"
"GSE39268","GSE39268_GSM959147"
"GSE39268","GSE39268_GSM959148"
"GSE39268","GSE39268_GSM959149"
"GSE39268","GSE39268_GSM959150"
"GSE39268","GSE39268_GSM959151"
"GSE39268","GSE39268_GSM959152"
"GSE39268","GSE39268_GSM959153"
"GSE39268","GSE39268_GSM959154"
"GSE39268","GSE39268_GSM959155"
"GSE39268","GSE39268_GSM959156"
"GSE39268","GSE39268_GSM959157"
"GSE39268","GSE39268_GSM959158"
"GSE39268","GSE39268_GSM959159"
"GSE39268","GSE39268_GSM959160"
"GSE39268","GSE39268_GSM959161"
"GSE39268","GSE39268_GSM959162"
"GSE40076","GSE40076_GSM984719"
"GSE40076","GSE40076_GSM984720"
"GSE40076","GSE40076_GSM984721"
"GSE40076","GSE40076_GSM984722"
"GSE40076","GSE40076_GSM984723"
"GSE40076","GSE40076_GSM984724"
"GSE40076","GSE40076_GSM984725"
"GSE40076","GSE40076_GSM984726"
"GSE40076","GSE40076_GSM984727"
"GSE40076","GSE40076_GSM984728"
"GSE40076","GSE40076_GSM984729"
"GSE40076","GSE40076_GSM984730"
"GSE40076","GSE40076_GSM984731"
"GSE40076","GSE40076_GSM984732"
"GSE40076","GSE40076_GSM984733"
"GSE40076","GSE40076_GSM984734"
"GSE40076","GSE40076_GSM984735"
"GSE40076","GSE40076_GSM984736"
"GSE40076","GSE40076_GSM984737"
"GSE40076","GSE40076_GSM984738"
"GSE40076","GSE40076_GSM984739"
"GSE40076","GSE40076_GSM984740"
"GSE40076","GSE40076_GSM984741"
"GSE40076","GSE40076_GSM984742"
"GSE41958","GSE41958_GSM1028173"
"GSE41958","GSE41958_GSM1028174"
"GSE41958","GSE41958_GSM1028175"
"GSE41958","GSE41958_GSM1028176"
"GSE41958","GSE41958_GSM1028177"
"GSE41958","GSE41958_GSM1028178"
"GSE41958","GSE41958_GSM1028179"
"GSE41958","GSE41958_GSM1028180"
"GSE41958","GSE41958_GSM1028181"
"GSE41958","GSE41958_GSM1028182"
"GSE41958","GSE41958_GSM1028183"
"GSE41958","GSE41958_GSM1028184"
"GSE43011","GSE43011_GSM1054974"
"GSE43011","GSE43011_GSM1054975"
"GSE43011","GSE43011_GSM1054976"
"GSE43011","GSE43011_GSM1054977"
"GSE43011","GSE43011_GSM1054978"
"GSE43011","GSE43011_GSM1054980"
"GSE43011","GSE43011_GSM1054981"
"GSE43011","GSE43011_GSM1054983"
"GSE43011","GSE43011_GSM1054984"
"GSE43011","GSE43011_GSM1054985"
"GSE48474","GSE48474_GSM1179570"
"GSE48474","GSE48474_GSM1179571"
"GSE48474","GSE48474_GSM1179572"
"GSE48474","GSE48474_GSM1179573"
"GSE48474","GSE48474_GSM1179574"
"GSE48474","GSE48474_GSM1179575"
"GSE48474","GSE48474_GSM1179576"
"GSE48474","GSE48474_GSM1179577"
"GSE49437","GSE49437_GSM1199201"
"GSE49437","GSE49437_GSM1199202"
"GSE49437","GSE49437_GSM1199203"
"GSE49437","GSE49437_GSM1199204"
"GSE49437","GSE49437_GSM1199205"
"GSE49437","GSE49437_GSM1199206"
"GSE49437","GSE49437_GSM1199207"
"GSE49437","GSE49437_GSM1199208"
"GSE49437","GSE49437_GSM1199209"
"GSE49437","GSE49437_GSM1199210"
"GSE49437","GSE49437_GSM1199211"
"GSE49437","GSE49437_GSM1199212"
"GSE49437","GSE49437_GSM1199213"
"GSE49437","GSE49437_GSM1199214"
"GSE49437","GSE49437_GSM1199215"
"GSE49437","GSE49437_GSM1199216"
"GSE49437","GSE49437_GSM1199217"
"GSE49437","GSE49437_GSM1199218"
"GSE50966","GSE50966_GSM1233393"
"GSE50966","GSE50966_GSM1233395"
"GSE50966","GSE50966_GSM1233396"
"GSE50966","GSE50966_GSM1233397"
"GSE50966","GSE50966_GSM1233398"
"GSE50966","GSE50966_GSM1233399"
"GSE50966","GSE50966_GSM1233400"
"GSE50966","GSE50966_GSM1233401"
"GSE50966","GSE50966_GSM1233402"
"GSE50966","GSE50966_GSM1233403"
"GSE50966","GSE50966_GSM1233404"
"GSE50966","GSE50966_GSM1233405"
"GSE50966","GSE50966_GSM1233406"
"GSE50966","GSE50966_GSM1233407"
"GSE50966","GSE50966_GSM1233409"
"GSE50966","GSE50966_GSM1233410"
"GSE50966","GSE50966_GSM1233411"
"GSE50966","GSE50966_GSM1233412"
"GSE50966","GSE50966_GSM1233413"
"GSE50966","GSE50966_GSM1233414"
"GSE50966","GSE50966_GSM1233415"
"GSE50966","GSE50966_GSM1233416"
"GSE50966","GSE50966_GSM1233417"
"GSE50966","GSE50966_GSM1233418"
"GSE50966","GSE50966_GSM1233419"
"GSE50966","GSE50966_GSM1233420"
"GSE50966","GSE50966_GSM1233421"
"GSE50966","GSE50966_GSM1233422"
"GSE50966","GSE50966_GSM1233423"
"GSE50966","GSE50966_GSM1233424"
"GSE51692","GSE51692_GSM1250591"
"GSE51692","GSE51692_GSM1250592"
"GSE51692","GSE51692_GSM1250593"
"GSE51692","GSE51692_GSM1250594"
"GSE51692","GSE51692_GSM1250595"
"GSE51692","GSE51692_GSM1250596"
"GSE51692","GSE51692_GSM1250597"
"GSE51692","GSE51692_GSM1250598"
"GSE51692","GSE51692_GSM1250599"
"GSE51692","GSE51692_GSM1250600"
"GSE51692","GSE51692_GSM1250601"
"GSE51692","GSE51692_GSM1250602"
"GSE51692","GSE51692_GSM1250603"
"GSE51692","GSE51692_GSM1250604"
"GSE51692","GSE51692_GSM1250605"
"GSE51692","GSE51692_GSM1250606"
"GSE52046","GSE52046_GSM1257966"
"GSE52046","GSE52046_GSM1257967"
"GSE52046","GSE52046_GSM1257968"
"GSE52046","GSE52046_GSM1257969"
"GSE52046","GSE52046_GSM1257970"
"GSE52046","GSE52046_GSM1257971"
"GSE52046","GSE52046_GSM1257972"
"GSE52046","GSE52046_GSM1257973"
"GSE52046","GSE52046_GSM1257974"
"GSE52046","GSE52046_GSM1257975"
"GSE52046","GSE52046_GSM1257976"
"GSE52046","GSE52046_GSM1257977"
"GSE52046","GSE52046_GSM1257978"
"GSE52046","GSE52046_GSM1257979"
"GSE52046","GSE52046_GSM1257980"
"GSE52046","GSE52046_GSM1257981"
"GSE52046","GSE52046_GSM1257982"
"GSE52046","GSE52046_GSM1257983"
"GSE52208","GSE52208_GSM1261186"
"GSE52208","GSE52208_GSM1261187"
"GSE52208","GSE52208_GSM1261188"
"GSE52208","GSE52208_GSM1261189"
"GSE52208","GSE52208_GSM1261190"
"GSE52208","GSE52208_GSM1261191"
"GSE52208","GSE52208_GSM1261192"
"GSE52208","GSE52208_GSM1261193"
"GSE52208","GSE52208_GSM1261194"
"GSE52208","GSE52208_GSM1261195"
"GSE52208","GSE52208_GSM1261196"
"GSE52208","GSE52208_GSM1261197"
"GSE52208","GSE52208_GSM1261198"
"GSE52208","GSE52208_GSM1261199"
"GSE54049","GSE54049_GSM1306433"
"GSE54049","GSE54049_GSM1306434"
"GSE54049","GSE54049_GSM1306435"
"GSE54049","GSE54049_GSM1306436"
"GSE54049","GSE54049_GSM1306437"
"GSE54049","GSE54049_GSM1306438"
"GSE54049","GSE54049_GSM1306439"
"GSE54049","GSE54049_GSM1306440"
"GSE54049","GSE54049_GSM1306441"
"GSE54049","GSE54049_GSM1306442"
"GSE54049","GSE54049_GSM1306443"
"GSE54049","GSE54049_GSM1306444"
"GSE54049","GSE54049_GSM1306445"
"GSE54049","GSE54049_GSM1306446"
"GSE54049","GSE54049_GSM1306447"
"GSE54049","GSE54049_GSM1306448"
"GSE54049","GSE54049_GSM1306449"
"GSE54049","GSE54049_GSM1306450"
"GSE54049","GSE54049_GSM1306451"
"GSE54049","GSE54049_GSM1306452"
"GSE54049","GSE54049_GSM1306453"
"GSE54049","GSE54049_GSM1306454"
"GSE54049","GSE54049_GSM1306455"
"GSE54049","GSE54049_GSM1306456"
"GSE54049","GSE54049_GSM1306457"
"GSE54049","GSE54049_GSM1306458"
"GSE54049","GSE54049_GSM1306459"
"GSE54049","GSE54049_GSM1306460"
"GSE54049","GSE54049_GSM1306461"
"GSE54049","GSE54049_GSM1306462"
"GSE54049","GSE54049_GSM1306463"
"GSE54049","GSE54049_GSM1306464"
"GSE54049","GSE54049_GSM1306465"
"GSE54049","GSE54049_GSM1306466"
"GSE54049","GSE54049_GSM1306467"
"GSE54049","GSE54049_GSM1306468"
"GSE54049","GSE54049_GSM1306469"
"GSE54049","GSE54049_GSM1306470"
"GSE54049","GSE54049_GSM1306471"
"GSE54049","GSE54049_GSM1306472"
"GSE54049","GSE54049_GSM1306473"
"GSE54049","GSE54049_GSM1306474"
"GSE54049","GSE54049_GSM1306475"
"GSE54049","GSE54049_GSM1306476"
"GSE54049","GSE54049_GSM1306477"
"GSE54049","GSE54049_GSM1306478"
"GSE54049","GSE54049_GSM1306479"
"GSE5611","GSE5611_GSM131060"
"GSE5611","GSE5611_GSM131061"
"GSE5611","GSE5611_GSM131062"
"GSE5611","GSE5611_GSM131063"
"GSE5611","GSE5611_GSM131064"
"GSE5611","GSE5611_GSM131065"
"GSE5688","GSE5688_GSM133121"
"GSE5688","GSE5688_GSM133122"
"GSE5688","GSE5688_GSM133123"
"GSE5688","GSE5688_GSM133124"
"GSE5688","GSE5688_GSM133125"
"GSE5688","GSE5688_GSM133126"
"GSE5688","GSE5688_GSM133127"
"GSE5688","GSE5688_GSM133128"
"GSE5688","GSE5688_GSM133129"
"GSE5688","GSE5688_GSM133130"
"GSE5688","GSE5688_GSM133131"
"GSE5688","GSE5688_GSM133132"
"GSE5688","GSE5688_GSM133133"
"GSE5688","GSE5688_GSM133134"
"GSE5688","GSE5688_GSM133135"
"GSE5688","GSE5688_GSM133136"
"GSE5688","GSE5688_GSM133137"
"GSE5688","GSE5688_GSM133138"
"GSE5688","GSE5688_GSM133139"
"GSE5688","GSE5688_GSM133140"
"GSE5688","GSE5688_GSM133141"
"GSE5688","GSE5688_GSM133142"
"GSE5744","GSE5744_GSM133891"
"GSE5744","GSE5744_GSM133892"
"GSE5744","GSE5744_GSM133893"
"GSE5744","GSE5744_GSM133894"
"GSE6155","GSE6155_GSM142669"
"GSE6155","GSE6155_GSM142670"
"GSE6155","GSE6155_GSM142671"
"GSE6155","GSE6155_GSM142672"
"GSE6155","GSE6155_GSM142673"
"GSE6155","GSE6155_GSM142674"
"GSE6155","GSE6155_GSM142675"
"GSE6160","GSE6160_GSM142703"
"GSE6160","GSE6160_GSM142704"
"GSE6160","GSE6160_GSM142705"
"GSE6160","GSE6160_GSM142706"
"GSE6160","GSE6160_GSM142707"
"GSE6160","GSE6160_GSM142708"
"GSE6160","GSE6160_GSM142709"
"GSE6160","GSE6160_GSM142710"
"GSE6160","GSE6160_GSM142711"
"GSE6160","GSE6160_GSM142714"
"GSE6160","GSE6160_GSM142715"
"GSE6160","GSE6160_GSM142716"
"GSE6160","GSE6160_GSM142717"
"GSE6160","GSE6160_GSM142718"
"GSE6160","GSE6160_GSM142719"
"GSE6160","GSE6160_GSM142720"
"GSE6161","GSE6161_GSM142721"
"GSE6161","GSE6161_GSM142723"
"GSE6161","GSE6161_GSM142724"
"GSE6161","GSE6161_GSM142725"
"GSE6161","GSE6161_GSM142726"
"GSE6161","GSE6161_GSM142727"
"GSE6161","GSE6161_GSM142728"
"GSE6161","GSE6161_GSM142729"
"GSE6161","GSE6161_GSM142730"
"GSE6161","GSE6161_GSM142731"
"GSE6161","GSE6161_GSM142732"
"GSE63946","GSE63946_GSM1561079"
"GSE63946","GSE63946_GSM1561080"
"GSE63946","GSE63946_GSM1561081"
"GSE63946","GSE63946_GSM1561084"
"GSE63946","GSE63946_GSM1561085"
"GSE63946","GSE63946_GSM1561086"
"GSE63946","GSE63946_GSM1561087"
"GSE63946","GSE63946_GSM1561088"
"GSE63946","GSE63946_GSM1561089"
"GSE63946","GSE63946_GSM1561090"
"GSE63946","GSE63946_GSM1561091"
"GSE63946","GSE63946_GSM1561092"
"GSE63946","GSE63946_GSM1561093"
"GSE63946","GSE63946_GSM1561094"
"GSE63946","GSE63946_GSM1561095"
"GSE63946","GSE63946_GSM1561096"
"GSE63946","GSE63946_GSM1561097"
"GSE63946","GSE63946_GSM1561098"
"GSE63946","GSE63946_GSM1561099"
"GSE63946","GSE63946_GSM1561100"
"GSE63946","GSE63946_GSM1561101"
"GSE63946","GSE63946_GSM1561102"
"GSE64972","GSE64972_GSM1585359"
"GSE64972","GSE64972_GSM1585360"
"GSE64972","GSE64972_GSM1585361"
"GSE64972","GSE64972_GSM1585362"
"GSE64972","GSE64972_GSM1585363"
"GSE64972","GSE64972_GSM1585364"
"GSE64972","GSE64972_GSM1585365"
"GSE64972","GSE64972_GSM1585366"
"GSE67768","GSE67768_GSM1655503"
"GSE67768","GSE67768_GSM1655504"
"GSE67768","GSE67768_GSM1655505"
"GSE67768","GSE67768_GSM1655506"
"GSE67768","GSE67768_GSM1655507"
"GSE67768","GSE67768_GSM1655508"
"GSE67768","GSE67768_GSM1655509"
"GSE67768","GSE67768_GSM1655510"
"GSE67768","GSE67768_GSM1655511"
"GSE67768","GSE67768_GSM1655512"
"GSE6824","GSE6824_GSM157305"
"GSE6824","GSE6824_GSM157306"
"GSE6824","GSE6824_GSM157307"
"GSE6824","GSE6824_GSM157309"
"GSE6824","GSE6824_GSM157310"
"GSE6825","GSE6825_GSM157311"
"GSE6825","GSE6825_GSM157312"
"GSE6825","GSE6825_GSM157314"
"GSE6825","GSE6825_GSM157315"
"GSE6825","GSE6825_GSM157316"
"GSE6825","GSE6825_GSM157317"
"GSE6825","GSE6825_GSM157318"
"GSE6825","GSE6825_GSM157319"
"GSE6825","GSE6825_GSM157321"
"GSE6825","GSE6825_GSM157322"
"GSE6825","GSE6825_GSM157323"
"GSE6825","GSE6825_GSM157324"
"GSE6825","GSE6825_GSM157325"
"GSE6825","GSE6825_GSM157326"
"GSE6825","GSE6825_GSM157327"
"GSE6825","GSE6825_GSM157328"
"GSE71737","GSE71737_GSM1844364"
"GSE71737","GSE71737_GSM1844365"
"GSE71737","GSE71737_GSM1844366"
"GSE71737","GSE71737_GSM1844367"
"GSE71737","GSE71737_GSM1844368"
"GSE71737","GSE71737_GSM1844369"
"GSE71737","GSE71737_GSM1844370"
"GSE71737","GSE71737_GSM1844371"
"GSE71737","GSE71737_GSM1844372"
"GSE71737","GSE71737_GSM1844373"
"GSE71737","GSE71737_GSM1844374"
"GSE71737","GSE71737_GSM1844375"
"GSE71737","GSE71737_GSM1844376"
"GSE71737","GSE71737_GSM1844377"
"GSE71737","GSE71737_GSM1844378"
"GSE71737","GSE71737_GSM1844379"
"GSE71737","GSE71737_GSM1844380"
"GSE71737","GSE71737_GSM1844381"
"GSE71737","GSE71737_GSM1844382"
"GSE71737","GSE71737_GSM1844383"
"GSE71737","GSE71737_GSM1844384"
"GSE71737","GSE71737_GSM1844385"
"GSE71737","GSE71737_GSM1844386"
"GSE71737","GSE71737_GSM1844387"
"GSE71737","GSE71737_GSM1844388"
"GSE71737","GSE71737_GSM1844389"
"GSE71737","GSE71737_GSM1844390"
"GSE71737","GSE71737_GSM1844391"
"GSE71737","GSE71737_GSM1844392"
"GSE71737","GSE71737_GSM1844393"
"GSE71737","GSE71737_GSM1844394"
"GSE71737","GSE71737_GSM1844395"
"GSE71737","GSE71737_GSM1844396"
"GSE71737","GSE71737_GSM1844397"
"GSE71737","GSE71737_GSM1844398"
"GSE71737","GSE71737_GSM1844399"
"GSE71737","GSE71737_GSM1844400"
"GSE71737","GSE71737_GSM1844401"
"GSE71737","GSE71737_GSM1844402"
"GSE71737","GSE71737_GSM1844403"
"GSE71737","GSE71737_GSM1844404"
"GSE71737","GSE71737_GSM1844406"
"GSE71737","GSE71737_GSM1844407"
"GSE71737","GSE71737_GSM1844408"
"GSE71737","GSE71737_GSM1844409"
"GSE71737","GSE71737_GSM1844410"
"GSE71737","GSE71737_GSM1844411"
"GSE71737","GSE71737_GSM1844412"
"GSE71737","GSE71737_GSM1844413"
"GSE71737","GSE71737_GSM1844414"
"GSE71737","GSE71737_GSM1844415"
"GSE71737","GSE71737_GSM1844416"
"GSE71737","GSE71737_GSM1844417"
"GSE71737","GSE71737_GSM1844418"
"GSE71737","GSE71737_GSM1844420"
"GSE71737","GSE71737_GSM1844422"
"GSE71737","GSE71737_GSM1844423"
"GSE71737","GSE71737_GSM1844424"
"GSE71737","GSE71737_GSM1844425"
"GSE71737","GSE71737_GSM1844426"
"GSE71737","GSE71737_GSM1844427"
"GSE76278","GSE76278_GSM1978978"
"GSE76278","GSE76278_GSM1978979"
"GSE76278","GSE76278_GSM1978980"
"GSE76278","GSE76278_GSM1978981"
"GSE76278","GSE76278_GSM1978982"
"GSE76278","GSE76278_GSM1978983"
"GSE76278","GSE76278_GSM1978984"
"GSE76278","GSE76278_GSM1978985"
"GSE76278","GSE76278_GSM1978986"
"GSE76278","GSE76278_GSM1978987"
"GSE76278","GSE76278_GSM1978988"
"GSE76278","GSE76278_GSM1978989"
"GSE76278","GSE76278_GSM1978991"
"GSE76278","GSE76278_GSM1978992"
"GSE76278","GSE76278_GSM1978993"
"GSE76278","GSE76278_GSM1978994"
"GSE76278","GSE76278_GSM1978995"
"GSE76278","GSE76278_GSM1978996"
"GSE76278","GSE76278_GSM1978997"
"GSE76278","GSE76278_GSM1978998"
"GSE76278","GSE76278_GSM1978999"
"GSE76278","GSE76278_GSM1979000"
"GSE76278","GSE76278_GSM1979001"
"GSE76278","GSE76278_GSM1979002"
"GSE76278","GSE76278_GSM1979003"
"GSE76278","GSE76278_GSM1979004"
"GSE76278","GSE76278_GSM1979005"
"GSE76278","GSE76278_GSM1979006"
"GSE76278","GSE76278_GSM1979007"
"GSE76278","GSE76278_GSM1979008"
"GSE76278","GSE76278_GSM1979009"
"GSE76278","GSE76278_GSM1979010"
"GSE76278","GSE76278_GSM1979011"
"GSE76278","GSE76278_GSM1979012"
"GSE76278","GSE76278_GSM1979013"
"GSE76278","GSE76278_GSM1979014"
"GSE76278","GSE76278_GSM1979015"
"GSE76278","GSE76278_GSM1979016"
"GSE76278","GSE76278_GSM1979017"
"GSE76278","GSE76278_GSM1979018"
"GSE76278","GSE76278_GSM1979019"
"GSE76278","GSE76278_GSM1979020"
"GSE76278","GSE76278_GSM1979021"
"GSE76278","GSE76278_GSM1979022"
"GSE76278","GSE76278_GSM1979023"
"GSE7631","GSE7631_GSM184477"
"GSE7631","GSE7631_GSM184478"
"GSE7631","GSE7631_GSM184479"
"GSE7631","GSE7631_GSM184480"
"GSE7631","GSE7631_GSM184481"
"GSE7631","GSE7631_GSM184483"
"GSE7631","GSE7631_GSM184484"
"GSE7631","GSE7631_GSM184485"
"GSE7631","GSE7631_GSM184486"
"GSE7631","GSE7631_GSM184487"
"GSE7631","GSE7631_GSM184488"
"GSE7631","GSE7631_GSM184489"
"GSE7631","GSE7631_GSM184490"
"GSE7631","GSE7631_GSM184491"
"GSE7631","GSE7631_GSM184492"
"GSE7631","GSE7631_GSM184493"
"GSE7631","GSE7631_GSM184494"
"GSE7631","GSE7631_GSM184495"
"GSE7631","GSE7631_GSM184496"
"GSE7631","GSE7631_GSM184498"
"GSE7631","GSE7631_GSM184499"
"GSE7631","GSE7631_GSM184500"
"GSE7631","GSE7631_GSM184501"
"GSE7631","GSE7631_GSM184502"
"GSE7631","GSE7631_GSM184503"
"GSE7631","GSE7631_GSM184504"
"GSE7631","GSE7631_GSM184505"
"GSE7631","GSE7631_GSM184506"
"GSE7631","GSE7631_GSM184507"
"GSE7631","GSE7631_GSM184508"
"GSE7631","GSE7631_GSM184509"
"GSE7631","GSE7631_GSM184510"
"GSE7631","GSE7631_GSM184511"
"GSE7631","GSE7631_GSM184516"
"GSE7631","GSE7631_GSM184517"
"GSE7631","GSE7631_GSM184518"
"GSE7631","GSE7631_GSM184519"
"GSE7631","GSE7631_GSM184520"
"GSE7631","GSE7631_GSM184521"
"GSE7631","GSE7631_GSM184522"
"GSE7631","GSE7631_GSM184523"
"GSE7631","GSE7631_GSM184524"
"GSE7631","GSE7631_GSM184525"
"GSE7631","GSE7631_GSM184526"
"GSE7631","GSE7631_GSM184527"
"GSE7631","GSE7631_GSM184528"
"GSE7631","GSE7631_GSM184529"
"GSE7631","GSE7631_GSM184530"
"GSE7631","GSE7631_GSM184531"
"GSE7631","GSE7631_GSM184532"
"GSE7631","GSE7631_GSM184533"
"GSE7631","GSE7631_GSM184534"
"GSE7631","GSE7631_GSM184535"
"GSE7631","GSE7631_GSM184536"
"GSE7631","GSE7631_GSM184538"
"GSE7631","GSE7631_GSM184543"
"GSE7631","GSE7631_GSM184544"
"GSE7631","GSE7631_GSM184545"
"GSE7631","GSE7631_GSM184553"
"GSE7631","GSE7631_GSM184557"
"GSE7631","GSE7631_GSM184559"
"GSE7631","GSE7631_GSM184560"
"GSE7631","GSE7631_GSM184561"
"GSE7631","GSE7631_GSM218586"
"GSE7631","GSE7631_GSM218587"
"GSE7631","GSE7631_GSM218588"
"GSE7631","GSE7631_GSM218589"
"GSE7631","GSE7631_GSM218590"
"GSE7631","GSE7631_GSM218591"
"GSE7631","GSE7631_GSM218592"
"GSE7631","GSE7631_GSM218593"
"GSE7631","GSE7631_GSM218594"
"GSE7631","GSE7631_GSM218595"
"GSE7631","GSE7631_GSM218596"
"GSE77286","GSE77286_GSM2047275"
"GSE77286","GSE77286_GSM2047276"
"GSE77286","GSE77286_GSM2047277"
"GSE77286","GSE77286_GSM2047278"
"GSE77286","GSE77286_GSM2047279"
"GSE77286","GSE77286_GSM2047280"
"GSE77286","GSE77286_GSM2047281"
"GSE77286","GSE77286_GSM2047282"
"GSE77286","GSE77286_GSM2047283"
"GSE77286","GSE77286_GSM2047284"
"GSE77286","GSE77286_GSM2047285"
"GSE77286","GSE77286_GSM2047286"
"GSE77286","GSE77286_GSM2047287"
"GSE77286","GSE77286_GSM2047288"
"GSE77286","GSE77286_GSM2047289"
"GSE77286","GSE77286_GSM2047290"
"GSE77286","GSE77286_GSM2047291"
"GSE77286","GSE77286_GSM2047292"
"GSE77286","GSE77286_GSM2047293"
"GSE77286","GSE77286_GSM2047294"
"GSE77286","GSE77286_GSM2047295"
"GSE77286","GSE77286_GSM2047296"
"GSE77286","GSE77286_GSM2047297"
"GSE77286","GSE77286_GSM2047298"
"GSE77286","GSE77286_GSM2047299"
"GSE77286","GSE77286_GSM2047300"
"GSE77286","GSE77286_GSM2047301"
"GSE77286","GSE77286_GSM2047302"
"GSE77286","GSE77286_GSM2047303"
"GSE77286","GSE77286_GSM2047304"
"GSE77286","GSE77286_GSM2047305"
"GSE77286","GSE77286_GSM2047306"
"GSE77286","GSE77286_GSM2047307"
"GSE77286","GSE77286_GSM2047308"
"GSE77286","GSE77286_GSM2047309"
"GSE77286","GSE77286_GSM2047310"
"GSE77286","GSE77286_GSM2047311"
"GSE77286","GSE77286_GSM2047312"
"GSE77286","GSE77286_GSM2047313"
"GSE77286","GSE77286_GSM2047314"
"GSE77286","GSE77286_GSM2047315"
"GSE77286","GSE77286_GSM2047316"
"GSE81347","GSE81347_GSM2150907"
"GSE81347","GSE81347_GSM2150908"
"GSE81347","GSE81347_GSM2150909"
"GSE81347","GSE81347_GSM2150910"
"GSE81347","GSE81347_GSM2150911"
"GSE81347","GSE81347_GSM2150912"
"GSE81347","GSE81347_GSM2150913"
"GSE81347","GSE81347_GSM2150914"
"GSE81347","GSE81347_GSM2150915"
"GSE81347","GSE81347_GSM2150916"
"GSE9148","GSE9148_GSM231193"
"GSE9148","GSE9148_GSM231194"
"GSE9148","GSE9148_GSM231195"
"GSE9148","GSE9148_GSM231196"
"GSE9148","GSE9148_GSM231197"
"GSE9148","GSE9148_GSM231198"
"GSE9148","GSE9148_GSM231199"
"GSE9148","GSE9148_GSM231200"
"GSE9148","GSE9148_GSM231201"
"GSE9148","GSE9148_GSM231202"
"GSE9148","GSE9148_GSM231203"
"GSE9148","GSE9148_GSM231204"
"GSE92716","GSE92716_GSM2436239"
"GSE92716","GSE92716_GSM2436240"
"GSE92716","GSE92716_GSM2436241"
"GSE92716","GSE92716_GSM2436242"
"GSE92716","GSE92716_GSM2436243"
"GSE92716","GSE92716_GSM2436244"
"GSE92716","GSE92716_GSM2436245"
"GSE92716","GSE92716_GSM2436246"
"GSE92716","GSE92716_GSM2436247"
"GSE92716","GSE92716_GSM2436248"
"GSE92716","GSE92716_GSM2436249"
"GSE92716","GSE92716_GSM2436250"
"GSE92716","GSE92716_GSM2436251"
"GSE92716","GSE92716_GSM2436252"
"GSE92716","GSE92716_GSM2436253"
"GSE92716","GSE92716_GSM2436254"
"GSE92716","GSE92716_GSM2436255"
"GSE92716","GSE92716_GSM2436256"
"GSE96589","GSE96589_GSM2536288"
"GSE96589","GSE96589_GSM2536289"
"GSE96589","GSE96589_GSM2536290"
"GSE96589","GSE96589_GSM2536291"
"GSE96589","GSE96589_GSM2536292"
"GSE96589","GSE96589_GSM2536293"
"GSE96589","GSE96589_GSM2536294"
"GSE96589","GSE96589_GSM2536295"
