"E-MEXP-342","E-MEXP-342_1"
"E-MEXP-342","E-MEXP-342_2"
"E-MEXP-342","E-MEXP-342_3"
"E-MEXP-342","E-MEXP-342_4"
"E-MEXP-342","E-MEXP-342_5"
"E-MEXP-342","E-MEXP-342_6"
"E-MTAB-3510","E-MTAB-3510_1"
"E-MTAB-3510","E-MTAB-3510_2"
"E-MTAB-3510","E-MTAB-3510_3"
"E-MTAB-3510","E-MTAB-3510_4"
"E-MTAB-3510","E-MTAB-3510_5"
"E-MTAB-3510","E-MTAB-3510_6"
"GSE11558","GSE11558_GSM290753"
"GSE11558","GSE11558_GSM290755"
"GSE11558","GSE11558_GSM290756"
"GSE11558","GSE11558_GSM290757"
"GSE11558","GSE11558_GSM290758"
"GSE11558","GSE11558_GSM290759"
"GSE11558","GSE11558_GSM290760"
"GSE11558","GSE11558_GSM290761"
"GSE11558","GSE11558_GSM290762"
"GSE11558","GSE11558_GSM290825"
"GSE11558","GSE11558_GSM290828"
"GSE11558","GSE11558_GSM291019"
"GSE11558","GSE11558_GSM291020"
"GSE11558","GSE11558_GSM291021"
"GSE11558","GSE11558_GSM291023"
"GSE11558","GSE11558_GSM291024"
"GSE11558","GSE11558_GSM291098"
"GSE11558","GSE11558_GSM291099"
"GSE11558","GSE11558_GSM291101"
"GSE11558","GSE11558_GSM291108"
"GSE11558","GSE11558_GSM291112"
"GSE11558","GSE11558_GSM291113"
"GSE11558","GSE11558_GSM291114"
"GSE11558","GSE11558_GSM291119"
"GSE11558","GSE11558_GSM291124"
"GSE14420","GSE14420_GSM360225"
"GSE14420","GSE14420_GSM360226"
"GSE14420","GSE14420_GSM360227"
"GSE14420","GSE14420_GSM360228"
"GSE14420","GSE14420_GSM360229"
"GSE14420","GSE14420_GSM360230"
"GSE14420","GSE14420_GSM360231"
"GSE14420","GSE14420_GSM360232"
"GSE14420","GSE14420_GSM360233"
"GSE14420","GSE14420_GSM360234"
"GSE14420","GSE14420_GSM360235"
"GSE14420","GSE14420_GSM360236"
"GSE14420","GSE14420_GSM360237"
"GSE14420","GSE14420_GSM360238"
"GSE14420","GSE14420_GSM360239"
"GSE14420","GSE14420_GSM360240"
"GSE14420","GSE14420_GSM360241"
"GSE14420","GSE14420_GSM360242"
"GSE14493","GSE14493_GSM361976"
"GSE14493","GSE14493_GSM361977"
"GSE14493","GSE14493_GSM361978"
"GSE14493","GSE14493_GSM361979"
"GSE14493","GSE14493_GSM361980"
"GSE14493","GSE14493_GSM361981"
"GSE14493","GSE14493_GSM361982"
"GSE14493","GSE14493_GSM361983"
"GSE14493","GSE14493_GSM361984"
"GSE14493","GSE14493_GSM361985"
"GSE14493","GSE14493_GSM361986"
"GSE14493","GSE14493_GSM361987"
"GSE14493","GSE14493_GSM361988"
"GSE14493","GSE14493_GSM361989"
"GSE14493","GSE14493_GSM361990"
"GSE14493","GSE14493_GSM361991"
"GSE14493","GSE14493_GSM361992"
"GSE14493","GSE14493_GSM361993"
"GSE14493","GSE14493_GSM361994"
"GSE14493","GSE14493_GSM361995"
"GSE14502","GSE14502_GSM362168"
"GSE14502","GSE14502_GSM362169"
"GSE14502","GSE14502_GSM362170"
"GSE14502","GSE14502_GSM362171"
"GSE14502","GSE14502_GSM362172"
"GSE14502","GSE14502_GSM362173"
"GSE14502","GSE14502_GSM362174"
"GSE14502","GSE14502_GSM362175"
"GSE14502","GSE14502_GSM362176"
"GSE14502","GSE14502_GSM362177"
"GSE14502","GSE14502_GSM362178"
"GSE14502","GSE14502_GSM362179"
"GSE14502","GSE14502_GSM362180"
"GSE14502","GSE14502_GSM362181"
"GSE14502","GSE14502_GSM362182"
"GSE14502","GSE14502_GSM362183"
"GSE14502","GSE14502_GSM362184"
"GSE14502","GSE14502_GSM362185"
"GSE14502","GSE14502_GSM362186"
"GSE14502","GSE14502_GSM362187"
"GSE14502","GSE14502_GSM362188"
"GSE14502","GSE14502_GSM362189"
"GSE14502","GSE14502_GSM362191"
"GSE14502","GSE14502_GSM362192"
"GSE14502","GSE14502_GSM362193"
"GSE14502","GSE14502_GSM362194"
"GSE14502","GSE14502_GSM362195"
"GSE14502","GSE14502_GSM362196"
"GSE14502","GSE14502_GSM362197"
"GSE14502","GSE14502_GSM362198"
"GSE14502","GSE14502_GSM362199"
"GSE14502","GSE14502_GSM362200"
"GSE14502","GSE14502_GSM362201"
"GSE14502","GSE14502_GSM362202"
"GSE14502","GSE14502_GSM362203"
"GSE14502","GSE14502_GSM362204"
"GSE14502","GSE14502_GSM362205"
"GSE14502","GSE14502_GSM362206"
"GSE14502","GSE14502_GSM362207"
"GSE14502","GSE14502_GSM362208"
"GSE14502","GSE14502_GSM362209"
"GSE14502","GSE14502_GSM362210"
"GSE14502","GSE14502_GSM362211"
"GSE14502","GSE14502_GSM362212"
"GSE14502","GSE14502_GSM362213"
"GSE14502","GSE14502_GSM362214"
"GSE14502","GSE14502_GSM362215"
"GSE14502","GSE14502_GSM362217"
"GSE14502","GSE14502_GSM362218"
"GSE14502","GSE14502_GSM362219"
"GSE14502","GSE14502_GSM362220"
"GSE14502","GSE14502_GSM362221"
"GSE14502","GSE14502_GSM362222"
"GSE14502","GSE14502_GSM362223"
"GSE14502","GSE14502_GSM362224"
"GSE14502","GSE14502_GSM362225"
"GSE14502","GSE14502_GSM362226"
"GSE14502","GSE14502_GSM362227"
"GSE14502","GSE14502_GSM362228"
"GSE14502","GSE14502_GSM362229"
"GSE14502","GSE14502_GSM362230"
"GSE14502","GSE14502_GSM362231"
"GSE14502","GSE14502_GSM362232"
"GSE14502","GSE14502_GSM362233"
"GSE14502","GSE14502_GSM362234"
"GSE14502","GSE14502_GSM362235"
"GSE14502","GSE14502_GSM362236"
"GSE14502","GSE14502_GSM362237"
"GSE14502","GSE14502_GSM362238"
"GSE14502","GSE14502_GSM362239"
"GSE14502","GSE14502_GSM362240"
"GSE14502","GSE14502_GSM362241"
"GSE14502","GSE14502_GSM362242"
"GSE14502","GSE14502_GSM362243"
"GSE14502","GSE14502_GSM362244"
"GSE14502","GSE14502_GSM362245"
"GSE14502","GSE14502_GSM362246"
"GSE17099","GSE17099_GSM427052"
"GSE17099","GSE17099_GSM427055"
"GSE17099","GSE17099_GSM427795"
"GSE17099","GSE17099_GSM427796"
"GSE17099","GSE17099_GSM427797"
"GSE17099","GSE17099_GSM427798"
"GSE17099","GSE17099_GSM427799"
"GSE17099","GSE17099_GSM427801"
"GSE17099","GSE17099_GSM427804"
"GSE17099","GSE17099_GSM427806"
"GSE17099","GSE17099_GSM427807"
"GSE17099","GSE17099_GSM427808"
"GSE18982","GSE18982_GSM469799"
"GSE18982","GSE18982_GSM469800"
"GSE18982","GSE18982_GSM469801"
"GSE18982","GSE18982_GSM469802"
"GSE18982","GSE18982_GSM469803"
"GSE18982","GSE18982_GSM469804"
"GSE18982","GSE18982_GSM469805"
"GSE18982","GSE18982_GSM469806"
"GSE18982","GSE18982_GSM469807"
"GSE18982","GSE18982_GSM469808"
"GSE18982","GSE18982_GSM469809"
"GSE18982","GSE18982_GSM469810"
"GSE21504","GSE21504_GSM537534"
"GSE21504","GSE21504_GSM537535"
"GSE21504","GSE21504_GSM537536"
"GSE21504","GSE21504_GSM537537"
"GSE2218","GSE2218_GSM40552"
"GSE2218","GSE2218_GSM40553"
"GSE2218","GSE2218_GSM40554"
"GSE2218","GSE2218_GSM40555"
"GSE23846","GSE23846_GSM587904"
"GSE23846","GSE23846_GSM587905"
"GSE23846","GSE23846_GSM587906"
"GSE23846","GSE23846_GSM587907"
"GSE23846","GSE23846_GSM587908"
"GSE23846","GSE23846_GSM587909"
"GSE23846","GSE23846_GSM587910"
"GSE23846","GSE23846_GSM587911"
"GSE23846","GSE23846_GSM587912"
"GSE23846","GSE23846_GSM587913"
"GSE23846","GSE23846_GSM587914"
"GSE23846","GSE23846_GSM587915"
"GSE27475","GSE27475_GSM678836"
"GSE27475","GSE27475_GSM678837"
"GSE27475","GSE27475_GSM678838"
"GSE27475","GSE27475_GSM678839"
"GSE27475","GSE27475_GSM678840"
"GSE27475","GSE27475_GSM678841"
"GSE27475","GSE27475_GSM678842"
"GSE27475","GSE27475_GSM678843"
"GSE27475","GSE27475_GSM678844"
"GSE27475","GSE27475_GSM678845"
"GSE27475","GSE27475_GSM678846"
"GSE27475","GSE27475_GSM678847"
"GSE27475","GSE27475_GSM678848"
"GSE27475","GSE27475_GSM678849"
"GSE27475","GSE27475_GSM678850"
"GSE27475","GSE27475_GSM678851"
"GSE29187","GSE29187_GSM721835"
"GSE29187","GSE29187_GSM721836"
"GSE29187","GSE29187_GSM721837"
"GSE29187","GSE29187_GSM721896"
"GSE29187","GSE29187_GSM722096"
"GSE29187","GSE29187_GSM722097"
"GSE29187","GSE29187_GSM722109"
"GSE29187","GSE29187_GSM722129"
"GSE29187","GSE29187_GSM722130"
"GSE29187","GSE29187_GSM722131"
"GSE29187","GSE29187_GSM722174"
"GSE29187","GSE29187_GSM722175"
"GSE29187","GSE29187_GSM722204"
"GSE29187","GSE29187_GSM722205"
"GSE29187","GSE29187_GSM722206"
"GSE29187","GSE29187_GSM722207"
"GSE29187","GSE29187_GSM722208"
"GSE29187","GSE29187_GSM722209"
"GSE29941","GSE29941_GSM741152"
"GSE29941","GSE29941_GSM741153"
"GSE29941","GSE29941_GSM741154"
"GSE29941","GSE29941_GSM741155"
"GSE29941","GSE29941_GSM741156"
"GSE29941","GSE29941_GSM741157"
"GSE29941","GSE29941_GSM741158"
"GSE29941","GSE29941_GSM741159"
"GSE29941","GSE29941_GSM741160"
"GSE29941","GSE29941_GSM741161"
"GSE29941","GSE29941_GSM741162"
"GSE29941","GSE29941_GSM741163"
"GSE29941","GSE29941_GSM741164"
"GSE29941","GSE29941_GSM741165"
"GSE29941","GSE29941_GSM741166"
"GSE29941","GSE29941_GSM741167"
"GSE29941","GSE29941_GSM741168"
"GSE29941","GSE29941_GSM741169"
"GSE30091","GSE30091_GSM744697"
"GSE30091","GSE30091_GSM744698"
"GSE30091","GSE30091_GSM744699"
"GSE30091","GSE30091_GSM744796"
"GSE30091","GSE30091_GSM744797"
"GSE30095","GSE30095_GSM744726"
"GSE30095","GSE30095_GSM744727"
"GSE30095","GSE30095_GSM744728"
"GSE30095","GSE30095_GSM744729"
"GSE30095","GSE30095_GSM744730"
"GSE30095","GSE30095_GSM744731"
"GSE30095","GSE30095_GSM744732"
"GSE30095","GSE30095_GSM744733"
"GSE30095","GSE30095_GSM744734"
"GSE30095","GSE30095_GSM744735"
"GSE30095","GSE30095_GSM744736"
"GSE30095","GSE30095_GSM744737"
"GSE30095","GSE30095_GSM744738"
"GSE30095","GSE30095_GSM744739"
"GSE30095","GSE30095_GSM744740"
"GSE30095","GSE30095_GSM744741"
"GSE30095","GSE30095_GSM744742"
"GSE30095","GSE30095_GSM744743"
"GSE30095","GSE30095_GSM744744"
"GSE30095","GSE30095_GSM744745"
"GSE30095","GSE30095_GSM744746"
"GSE30095","GSE30095_GSM744747"
"GSE30095","GSE30095_GSM744748"
"GSE30095","GSE30095_GSM744749"
"GSE30095","GSE30095_GSM744750"
"GSE30095","GSE30095_GSM744751"
"GSE30095","GSE30095_GSM744752"
"GSE30095","GSE30095_GSM744753"
"GSE30095","GSE30095_GSM744754"
"GSE30095","GSE30095_GSM744755"
"GSE30096","GSE30096_GSM744756"
"GSE30096","GSE30096_GSM744757"
"GSE30096","GSE30096_GSM744758"
"GSE30096","GSE30096_GSM744759"
"GSE30096","GSE30096_GSM744760"
"GSE30096","GSE30096_GSM744761"
"GSE30096","GSE30096_GSM744762"
"GSE30096","GSE30096_GSM744763"
"GSE30096","GSE30096_GSM744764"
"GSE30096","GSE30096_GSM744765"
"GSE30096","GSE30096_GSM744766"
"GSE30096","GSE30096_GSM744767"
"GSE30096","GSE30096_GSM744768"
"GSE30096","GSE30096_GSM744769"
"GSE30096","GSE30096_GSM744770"
"GSE30096","GSE30096_GSM744771"
"GSE30097","GSE30097_GSM744772"
"GSE30097","GSE30097_GSM744773"
"GSE30097","GSE30097_GSM744774"
"GSE30097","GSE30097_GSM744775"
"GSE30097","GSE30097_GSM744776"
"GSE30097","GSE30097_GSM744777"
"GSE30097","GSE30097_GSM744778"
"GSE30097","GSE30097_GSM744779"
"GSE30097","GSE30097_GSM744780"
"GSE30097","GSE30097_GSM744781"
"GSE30097","GSE30097_GSM744782"
"GSE30097","GSE30097_GSM744783"
"GSE30097","GSE30097_GSM744784"
"GSE30097","GSE30097_GSM744785"
"GSE30097","GSE30097_GSM744786"
"GSE30097","GSE30097_GSM744787"
"GSE30097","GSE30097_GSM744788"
"GSE30097","GSE30097_GSM744789"
"GSE30097","GSE30097_GSM744790"
"GSE30097","GSE30097_GSM744791"
"GSE30097","GSE30097_GSM744792"
"GSE30097","GSE30097_GSM744793"
"GSE30097","GSE30097_GSM744794"
"GSE30097","GSE30097_GSM744795"
"GSE30097","GSE30097_GSM744798"
"GSE30097","GSE30097_GSM744799"
"GSE31158","GSE31158_GSM771373"
"GSE31158","GSE31158_GSM771374"
"GSE31158","GSE31158_GSM771375"
"GSE31158","GSE31158_GSM771376"
"GSE31158","GSE31158_GSM771377"
"GSE31158","GSE31158_GSM771379"
"GSE31158","GSE31158_GSM771380"
"GSE31158","GSE31158_GSM771382"
"GSE31158","GSE31158_GSM771383"
"GSE31158","GSE31158_GSM771384"
"GSE31158","GSE31158_GSM771386"
"GSE31158","GSE31158_GSM771387"
"GSE31158","GSE31158_GSM771388"
"GSE31158","GSE31158_GSM771389"
"GSE31158","GSE31158_GSM771390"
"GSE31158","GSE31158_GSM771391"
"GSE31158","GSE31158_GSM771392"
"GSE31158","GSE31158_GSM771393"
"GSE31158","GSE31158_GSM771394"
"GSE31158","GSE31158_GSM771395"
"GSE31158","GSE31158_GSM771396"
"GSE31158","GSE31158_GSM771397"
"GSE34667","GSE34667_GSM852923"
"GSE34667","GSE34667_GSM852924"
"GSE34667","GSE34667_GSM852925"
"GSE34667","GSE34667_GSM852926"
"GSE34667","GSE34667_GSM852927"
"GSE34667","GSE34667_GSM852928"
"GSE34667","GSE34667_GSM852929"
"GSE34667","GSE34667_GSM852930"
"GSE34667","GSE34667_GSM852931"
"GSE34667","GSE34667_GSM852932"
"GSE34667","GSE34667_GSM852933"
"GSE34667","GSE34667_GSM852934"
"GSE34667","GSE34667_GSM852935"
"GSE34667","GSE34667_GSM852936"
"GSE34667","GSE34667_GSM852937"
"GSE34667","GSE34667_GSM852938"
"GSE34667","GSE34667_GSM852939"
"GSE34667","GSE34667_GSM852940"
"GSE34667","GSE34667_GSM852941"
"GSE34667","GSE34667_GSM852942"
"GSE34667","GSE34667_GSM852943"
"GSE34667","GSE34667_GSM852944"
"GSE34667","GSE34667_GSM852945"
"GSE34667","GSE34667_GSM852946"
"GSE34667","GSE34667_GSM852947"
"GSE34667","GSE34667_GSM852948"
"GSE34667","GSE34667_GSM852949"
"GSE49411","GSE49411_GSM1199015"
"GSE49411","GSE49411_GSM1199016"
"GSE49411","GSE49411_GSM1199017"
"GSE49411","GSE49411_GSM1199018"
"GSE49411","GSE49411_GSM1199019"
"GSE49411","GSE49411_GSM1199020"
"GSE49411","GSE49411_GSM1199023"
"GSE49411","GSE49411_GSM1199024"
"GSE49411","GSE49411_GSM1199027"
"GSE49411","GSE49411_GSM1199028"
"GSE50679","GSE50679_GSM1226213"
"GSE50679","GSE50679_GSM1226214"
"GSE50679","GSE50679_GSM1226215"
"GSE50679","GSE50679_GSM1226216"
"GSE50679","GSE50679_GSM1226217"
"GSE50679","GSE50679_GSM1226218"
"GSE50679","GSE50679_GSM1226219"
"GSE50679","GSE50679_GSM1226220"
"GSE5625","GSE5625_GSM131359"
"GSE5625","GSE5625_GSM131360"
"GSE5625","GSE5625_GSM131361"
"GSE5625","GSE5625_GSM131362"
"GSE5625","GSE5625_GSM131363"
"GSE5625","GSE5625_GSM131364"
"GSE5625","GSE5625_GSM131365"
"GSE5625","GSE5625_GSM131366"
"GSE5625","GSE5625_GSM131367"
"GSE5625","GSE5625_GSM131368"
"GSE5625","GSE5625_GSM131369"
"GSE5625","GSE5625_GSM131370"
"GSE5625","GSE5625_GSM131371"
"GSE5625","GSE5625_GSM131372"
"GSE5625","GSE5625_GSM131373"
"GSE5625","GSE5625_GSM131374"
"GSE5625","GSE5625_GSM131375"
"GSE5625","GSE5625_GSM131376"
"GSE5625","GSE5625_GSM131377"
"GSE5625","GSE5625_GSM131378"
"GSE5625","GSE5625_GSM131379"
"GSE5625","GSE5625_GSM131380"
"GSE5625","GSE5625_GSM131381"
"GSE5625","GSE5625_GSM131382"
"GSE5722","GSE5722_GSM133705"
"GSE5722","GSE5722_GSM133706"
"GSE5722","GSE5722_GSM133707"
"GSE5722","GSE5722_GSM133708"
"GSE5722","GSE5722_GSM133709"
"GSE5722","GSE5722_GSM133710"
"GSE59719","GSE59719_GSM1444200"
"GSE59719","GSE59719_GSM1444201"
"GSE59719","GSE59719_GSM1444202"
"GSE59719","GSE59719_GSM1444203"
"GSE59719","GSE59719_GSM1444204"
"GSE59719","GSE59719_GSM1444205"
"GSE87867","GSE87867_GSM2342068"
"GSE87867","GSE87867_GSM2342069"
"GSE87867","GSE87867_GSM2342071"
"GSE87867","GSE87867_GSM2342072"
"GSE87867","GSE87867_GSM2342073"
"GSE87867","GSE87867_GSM2342074"
"GSE87867","GSE87867_GSM2342075"
"GSE87867","GSE87867_GSM2342076"
"GSE87867","GSE87867_GSM2342077"
"GSE87867","GSE87867_GSM2342078"
"GSE87867","GSE87867_GSM2342079"
"GSE87867","GSE87867_GSM2342080"
"GSE87867","GSE87867_GSM2342081"
"GSE87867","GSE87867_GSM2342091"
"GSE87867","GSE87867_GSM2342093"
"GSE87867","GSE87867_GSM2342094"
"GSE87867","GSE87867_GSM2342095"
"GSE87867","GSE87867_GSM2342096"
"GSE87867","GSE87867_GSM2342097"
"GSE87867","GSE87867_GSM2342098"
"GSE87867","GSE87867_GSM2342099"
"GSE87868","GSE87868_GSM2342100"
"GSE87868","GSE87868_GSM2342101"
"GSE87868","GSE87868_GSM2342102"
"GSE87868","GSE87868_GSM2342103"
"GSE87868","GSE87868_GSM2342104"
"GSE87868","GSE87868_GSM2342105"
"GSE87868","GSE87868_GSM2342106"
"GSE87868","GSE87868_GSM2342107"
"GSE87868","GSE87868_GSM2342108"
"GSE87903","GSE87903_GSM2342082"
"GSE87903","GSE87903_GSM2342083"
"GSE87903","GSE87903_GSM2342085"
"GSE87903","GSE87903_GSM2342086"
"GSE87903","GSE87903_GSM2342087"
"GSE87903","GSE87903_GSM2342088"
"GSE87903","GSE87903_GSM2342089"
"GSE87903","GSE87903_GSM2342090"
"GSE87903","GSE87903_GSM2342800"
"GSE87903","GSE87903_GSM2342801"
"GSE87903","GSE87903_GSM2342802"
"GSE87903","GSE87903_GSM2342803"
"GSE87903","GSE87903_GSM2342804"
"GSE87903","GSE87903_GSM2342805"
"GSE87903","GSE87903_GSM2342807"
"GSE87903","GSE87903_GSM2342808"
"GSE87903","GSE87903_GSM2342809"
"GSE87903","GSE87903_GSM2342810"
"GSE87903","GSE87903_GSM2342812"
"GSE87903","GSE87903_GSM2342813"
"GSE87903","GSE87903_GSM2342814"
"GSE87903","GSE87903_GSM2342815"
"GSE87904","GSE87904_GSM2342816"
"GSE87904","GSE87904_GSM2342817"
"GSE87904","GSE87904_GSM2342818"
"GSE87904","GSE87904_GSM2342819"
"GSE87904","GSE87904_GSM2342820"
"GSE87904","GSE87904_GSM2342821"
"GSE87904","GSE87904_GSM2342822"
"GSE87904","GSE87904_GSM2342823"
"GSE87904","GSE87904_GSM2342824"
"GSE87904","GSE87904_GSM2342825"
"GSE87904","GSE87904_GSM2342826"
"GSE87904","GSE87904_GSM2342827"
"GSE87904","GSE87904_GSM2342828"
"GSE87904","GSE87904_GSM2342829"
"GSE87904","GSE87904_GSM2342830"
"GSE87904","GSE87904_GSM2342831"
"GSE87904","GSE87904_GSM2342832"
"GSE87904","GSE87904_GSM2342833"
"GSE87904","GSE87904_GSM2342834"
"GSE87904","GSE87904_GSM2342835"
"GSE87904","GSE87904_GSM2342837"
"GSE87904","GSE87904_GSM2342838"
"GSE87904","GSE87904_GSM2342839"
"GSE87904","GSE87904_GSM2342843"
"GSE87904","GSE87904_GSM2342844"
"GSE87904","GSE87904_GSM2342845"
"GSE87904","GSE87904_GSM2342846"
"GSE87904","GSE87904_GSM2342850"
"GSE87904","GSE87904_GSM2342851"
"GSE87904","GSE87904_GSM2342852"
"GSE87904","GSE87904_GSM2342853"
"GSE87904","GSE87904_GSM2342854"
"GSE87904","GSE87904_GSM2342855"
"GSE87904","GSE87904_GSM2342856"
"GSE87904","GSE87904_GSM2342857"
"GSE87904","GSE87904_GSM2342858"
"GSE87904","GSE87904_GSM2342859"
"GSE87904","GSE87904_GSM2342860"
"GSE87904","GSE87904_GSM2342861"
"GSE87904","GSE87904_GSM2342862"
"GSE87904","GSE87904_GSM2342863"
"GSE87904","GSE87904_GSM2342864"
"GSE87904","GSE87904_GSM2342865"
"GSE87904","GSE87904_GSM2342866"
"GSE87904","GSE87904_GSM2342867"
"GSE87904","GSE87904_GSM2342868"
"GSE87904","GSE87904_GSM2342869"
"GSE87904","GSE87904_GSM2342870"
"GSE87904","GSE87904_GSM2342871"
"GSE87904","GSE87904_GSM2342872"
"GSE87904","GSE87904_GSM2342873"
"GSE87904","GSE87904_GSM2342874"
"GSE87904","GSE87904_GSM2342875"
"GSE87904","GSE87904_GSM2342876"
"GSE87904","GSE87904_GSM2342877"
"GSE87904","GSE87904_GSM2342878"
"GSE87904","GSE87904_GSM2342879"
"GSE87904","GSE87904_GSM2342880"
"GSE87904","GSE87904_GSM2342881"
"GSE87904","GSE87904_GSM2342882"
"GSE87904","GSE87904_GSM2342883"
"GSE87904","GSE87904_GSM2342884"
"GSE87904","GSE87904_GSM2342885"
"GSE87904","GSE87904_GSM2342886"
"GSE87904","GSE87904_GSM2342887"
